Data,Data_ISO,Dia,Mes,Mes_Numero,Dia_Semana,Dia_Semana_Abrev,Nome,Tipo,URL
01/01/2026,2026-01-01,1,Janeiro,1,Quinta-feira,Qui,Dia de Ano Novo,Feriado Nacional,https://www.calendarr.com/portugal/dia-de-ano-novo/
01/01/2026,2026-01-01,1,Janeiro,1,Quinta-feira,Qui,Dia Mundial da Paz,Dia Comemorativo,https://www.calendarr.com/portugal/dia-mundial-da-paz/
01/01/2026,2026-01-01,1,Janeiro,1,Quinta-feira,Qui,Dia do Domínio Público,Dia Comemorativo,https://www.calendarr.com/portugal/dia-do-dominio-publico/
01/01/2026,2026-01-01,1,Janeiro,1,Quinta-feira,Qui,Dia da Solenidade de Santa Maria,Dia Comemorativo,https://www.calendarr.com/portugal/dia-da-solenidade-de-santa-maria/
02/01/2026,2026-01-02,2,Janeiro,1,Sexta-feira,Sex,Dia de São Basílio,Dia Comemorativo,https://www.calendarr.com/portugal/dia-de-sao-basilio/
02/01/2026,2026-01-02,2,Janeiro,1,Sexta-feira,Sex,Dia Mundial do Introvertido,Dia Comemorativo,
03/01/2026,2026-01-03,3,Janeiro,1,Sábado,Sáb,Dia do Festival do Sono,Dia Comemorativo,https://www.calendarr.com/portugal/dia-do-festival-do-sono/
04/01/2026,2026-01-04,4,Janeiro,1,Domingo,Dom,Dia Mundial do Braille,Dia Comemorativo,https://www.calendarr.com/portugal/dia-mundial-do-braille/
04/01/2026,2026-01-04,4,Janeiro,1,Domingo,Dom,Dia Mundial do Hipnotismo,Dia Comemorativo,https://www.calendarr.com/portugal/dia-mundial-do-hipnotismo/
05/01/2026,2026-01-05,5,Janeiro,1,Segunda-feira,Seg,Dia de São Simeão Estilista,Dia Comemorativo,https://www.calendarr.com/portugal/dia-de-sao-simeao-estilista/
06/01/2026,2026-01-06,6,Janeiro,1,Terça-feira,Ter,Dia de Reis,Dia Comemorativo,https://www.calendarr.com/portugal/dia-de-reis/
06/01/2026,2026-01-06,6,Janeiro,1,Terça-feira,Ter,Epifania do Senhor,Dia Comemorativo,https://www.calendarr.com/portugal/epifania-do-senhor/
07/01/2026,2026-01-07,7,Janeiro,1,Quarta-feira,Qua,Dia de São Luciano,Dia Comemorativo,https://www.calendarr.com/portugal/dia-de-sao-luciano/
08/01/2026,2026-01-08,8,Janeiro,1,Quinta-feira,Qui,Dia da Rotação da Terra,Dia Comemorativo,https://www.calendarr.com/portugal/dia-da-rotacao-da-terra/
08/01/2026,2026-01-08,8,Janeiro,1,Quinta-feira,Qui,Dia de Santa Gúdula,Dia Comemorativo,https://www.calendarr.com/portugal/dia-de-santa-gudula/
09/01/2026,2026-01-09,9,Janeiro,1,Sexta-feira,Sex,Dia de São Julião,Dia Comemorativo,https://www.calendarr.com/portugal/dia-de-sao-juliao/
10/01/2026,2026-01-10,10,Janeiro,1,Sábado,Sáb,Dia de São Agatão,Dia Comemorativo,https://www.calendarr.com/portugal/dia-de-sao-agatao/
11/01/2026,2026-01-11,11,Janeiro,1,Domingo,Dom,Dia Internacional do Obrigado,Dia Comemorativo,https://www.calendarr.com/portugal/dia-internacional-do-obrigado/
12/01/2026,2026-01-12,12,Janeiro,1,Segunda-feira,Seg,Dia de Santo António Maria Pucci,Dia Comemorativo,https://www.calendarr.com/portugal/dia-de-santo-antonio-maria-pucci/
12/01/2026,2026-01-12,12,Janeiro,1,Segunda-feira,Seg,Dia da Academia Militar,Dia Comemorativo,
13/01/2026,2026-01-13,13,Janeiro,1,Terça-feira,Ter,Dia do Velho Ano Novo,Dia Comemorativo,https://www.calendarr.com/portugal/velho-ano-novo/
13/01/2026,2026-01-13,13,Janeiro,1,Terça-feira,Ter,Dia de Santo Hilário,Dia Comemorativo,https://www.calendarr.com/portugal/dia-de-santo-hilario/
14/01/2026,2026-01-14,14,Janeiro,1,Quarta-feira,Qua,Dia de São Dácio,Dia Comemorativo,https://www.calendarr.com/portugal/dia-de-sao-dacio/
14/01/2026,2026-01-14,14,Janeiro,1,Quarta-feira,Qua,Dia Mundial da Lógica,Dia Comemorativo,
15/01/2026,2026-01-15,15,Janeiro,1,Quinta-feira,Qui,Dia Mundial do Compositor,Dia Comemorativo,https://www.calendarr.com/portugal/dia-mundial-do-compositor/
15/01/2026,2026-01-15,15,Janeiro,1,Quinta-feira,Qui,Dia de Santo Amaro,Dia Comemorativo,https://www.calendarr.com/portugal/dia-de-santo-amaro/
16/01/2026,2026-01-16,16,Janeiro,1,Sexta-feira,Sex,Dia Internacional do Fetiche,Dia Comemorativo,https://www.calendarr.com/portugal/dia-internacional-do-fetiche/
16/01/2026,2026-01-16,16,Janeiro,1,Sexta-feira,Sex,Dia Internacional da Comida Picante,Dia Comemorativo,https://www.calendarr.com/portugal/dia-internacional-da-comida-picante/
17/01/2026,2026-01-17,17,Janeiro,1,Sábado,Sáb,Dia de Esquecer as Resoluções de Ano Novo,Dia Curioso,https://www.calendarr.com/portugal/dia-de-esquecer-as-resolucoes-de-ano-novo/
17/01/2026,2026-01-17,17,Janeiro,1,Sábado,Sáb,Dia de Santo Antão,Dia Comemorativo,https://www.calendarr.com/portugal/dia-de-santo-antao/
18/01/2026,2026-01-18,18,Janeiro,1,Domingo,Dom,Dia Internacional do Riso,Dia Comemorativo,https://www.calendarr.com/portugal/dia-internacional-do-riso/
19/01/2026,2026-01-19,19,Janeiro,1,Segunda-feira,Seg,Dia de São Bassiano,Dia Comemorativo,https://www.calendarr.com/portugal/dia-de-sao-bassiano/
20/01/2026,2026-01-20,20,Janeiro,1,Terça-feira,Ter,Dia de São Fabiano,Dia Comemorativo,https://www.calendarr.com/portugal/dia-de-sao-fabiano/
20/01/2026,2026-01-20,20,Janeiro,1,Terça-feira,Ter,Dia Mundial do Queijo,Dia Comemorativo,
21/01/2026,2026-01-21,21,Janeiro,1,Quarta-feira,Qua,Dia Mundial da Religião,Dia Comemorativo,https://www.calendarr.com/portugal/dia-mundial-da-religiao/
21/01/2026,2026-01-21,21,Janeiro,1,Quarta-feira,Qua,Dia de Santa Inês,Dia Comemorativo,https://www.calendarr.com/portugal/dia-de-santa-ines/
22/01/2026,2026-01-22,22,Janeiro,1,Quinta-feira,Qui,Dia de São Vicente,Dia Comemorativo,https://www.calendarr.com/portugal/dia-de-sao-vicente/
23/01/2026,2026-01-23,23,Janeiro,1,Sexta-feira,Sex,Dia da Escrita à Mão,Dia Comemorativo,https://www.calendarr.com/portugal/dia-da-escrita-a-mao/
23/01/2026,2026-01-23,23,Janeiro,1,Sexta-feira,Sex,Dia Mundial da Liberdade,Dia Comemorativo,https://www.calendarr.com/portugal/dia-mundial-da-liberdade/
23/01/2026,2026-01-23,23,Janeiro,1,Sexta-feira,Sex,Aniversário do Rotary Clube de Lisboa,Dia Comemorativo,
24/01/2026,2026-01-24,24,Janeiro,1,Sábado,Sáb,Dia de Santa Xénia,Dia Comemorativo,https://www.calendarr.com/portugal/dia-de-santa-xenia/
24/01/2026,2026-01-24,24,Janeiro,1,Sábado,Sáb,Dia Internacional da Educação,Dia Comemorativo,
24/01/2026,2026-01-24,24,Janeiro,1,Sábado,Sáb,Dia Mundial para a Cultura Africana e Afrodescendente,Dia Comemorativo,
25/01/2026,2026-01-25,25,Janeiro,1,Domingo,Dom,Dia Mundial dos Leprosos,Dia Comemorativo,https://www.calendarr.com/portugal/dia-mundial-dos-leprosos/
25/01/2026,2026-01-25,25,Janeiro,1,Domingo,Dom,Conversão de São Paulo,Dia Comemorativo,https://www.calendarr.com/portugal/conversao-de-sao-paulo/
25/01/2026,2026-01-25,25,Janeiro,1,Domingo,Dom,Dia Internacional da Mulher no Multilateralismo,Dia Comemorativo,
26/01/2026,2026-01-26,26,Janeiro,1,Segunda-feira,Seg,Dia de São Timóteo,Dia Comemorativo,https://www.calendarr.com/portugal/sao-timoteo/
26/01/2026,2026-01-26,26,Janeiro,1,Segunda-feira,Seg,Dia Mundial das Alfândegas,Dia Comemorativo,
26/01/2026,2026-01-26,26,Janeiro,1,Segunda-feira,Seg,Dia Mundial da Educação Ambiental,Dia Comemorativo,
26/01/2026,2026-01-26,26,Janeiro,1,Segunda-feira,Seg,Dia Internacional das Energias Limpas,Dia Comemorativo,
27/01/2026,2026-01-27,27,Janeiro,1,Terça-feira,Ter,Dia Internacional em Memória das Vítimas do Holocausto,Dia Comemorativo,https://www.calendarr.com/portugal/dia-internacional-em-memoria-das-vitimas-do-holocausto/
27/01/2026,2026-01-27,27,Janeiro,1,Terça-feira,Ter,Dia Internacional do Vinho do Porto,Dia Comemorativo,https://www.calendarr.com/portugal/dia-internacional-do-vinho-do-porto/
27/01/2026,2026-01-27,27,Janeiro,1,Terça-feira,Ter,Dia Internacional do Conservador-Restaurador,Dia Comemorativo,
28/01/2026,2026-01-28,28,Janeiro,1,Quarta-feira,Qua,Dia Internacional da Privacidade de Dados,Dia Comemorativo,https://www.calendarr.com/portugal/dia-internacional-da-privacidade-de-dados/
28/01/2026,2026-01-28,28,Janeiro,1,Quarta-feira,Qua,Dia Europeu da Proteção de Dados,Dia Comemorativo,
28/01/2026,2026-01-28,28,Janeiro,1,Quarta-feira,Qua,Dia Internacional do Lego,Dia Comemorativo,
28/01/2026,2026-01-28,28,Janeiro,1,Quarta-feira,Qua,Dia Internacional da Coexistência Pacífica,Dia Comemorativo,
29/01/2026,2026-01-29,29,Janeiro,1,Quinta-feira,Qui,Dia Mundial do Puzzle,Dia Comemorativo,https://www.calendarr.com/portugal/dia-mundial-do-puzzle/
29/01/2026,2026-01-29,29,Janeiro,1,Quinta-feira,Qui,Dia Nacional da Participação,Dia Comemorativo,
30/01/2026,2026-01-30,30,Janeiro,1,Sexta-feira,Sex,Dia de Santa Martinha,Dia Comemorativo,https://www.calendarr.com/portugal/dia-de-santa-martinha/
30/01/2026,2026-01-30,30,Janeiro,1,Sexta-feira,Sex,Dia Escolar da Não Violência e da Paz,Dia Comemorativo,https://www.calendarr.com/portugal/dia-escolar-da-nao-violencia-e-da-paz/
30/01/2026,2026-01-30,30,Janeiro,1,Sexta-feira,Sex,Dia Mundial das Doenças Tropicais Negligenciadas,Dia Comemorativo,
30/01/2026,2026-01-30,30,Janeiro,1,Sexta-feira,Sex,Dia Mundial do Croissant,Dia Comemorativo,
31/01/2026,2026-01-31,31,Janeiro,1,Sábado,Sáb,Dia Mundial do Mágico,Dia Comemorativo,https://www.calendarr.com/portugal/dia-mundial-do-magico/
31/01/2026,2026-01-31,31,Janeiro,1,Sábado,Sáb,Dia de São João Bosco,Dia Comemorativo,https://www.calendarr.com/portugal/dia-de-sao-joao-bosco/
31/01/2026,2026-01-31,31,Janeiro,1,Sábado,Sáb,Dia ao Contrário,Dia Comemorativo,https://www.calendarr.com/portugal/dia-ao-contrario/
31/01/2026,2026-01-31,31,Janeiro,1,Sábado,Sáb,Dia Nacional do Sargento,Dia Comemorativo,
31/01/2026,2026-01-31,31,Janeiro,1,Sábado,Sáb,Dia Internacional da Zebra,Dia Comemorativo,
01/02/2026,2026-02-01,1,Fevereiro,2,Domingo,Dom,Dia Mundial da Leitura em Voz Alta,Dia Comemorativo,
01/02/2026,2026-02-01,1,Fevereiro,2,Domingo,Dom,Dia Mundial do Galgo,Dia Comemorativo,
01/02/2026,2026-02-01,1,Fevereiro,2,Domingo,Dom,Início da Semana Mundial da Harmonia Inter-Religiosa (de 1 a 7),Dia Comemorativo,
02/02/2026,2026-02-02,2,Fevereiro,2,Segunda-feira,Seg,Dia Mundial das Zonas Húmidas,Dia Comemorativo,https://www.calendarr.com/portugal/dia-mundial-das-zonas-humidas/
02/02/2026,2026-02-02,2,Fevereiro,2,Segunda-feira,Seg,Apresentação do Senhor,Dia Comemorativo,https://www.calendarr.com/portugal/apresentacao-do-senhor/
02/02/2026,2026-02-02,2,Fevereiro,2,Segunda-feira,Seg,Dia de Nossa Senhora das Candeias,Dia Comemorativo,https://www.calendarr.com/portugal/dia-de-nossa-senhora-das-candeias/
02/02/2026,2026-02-02,2,Fevereiro,2,Segunda-feira,Seg,Dia da Marmota,Dia Comemorativo,https://www.calendarr.com/portugal/dia-da-marmota/
03/02/2026,2026-02-03,3,Fevereiro,2,Terça-feira,Ter,O Dia em Que a Música Morreu,Dia Comemorativo,https://www.calendarr.com/portugal/o-dia-em-que-a-musica-morreu/
03/02/2026,2026-02-03,3,Fevereiro,2,Terça-feira,Ter,Noite do Encontro Canino,Dia Comemorativo,https://www.calendarr.com/portugal/noite-do-encontro-canino/
03/02/2026,2026-02-03,3,Fevereiro,2,Terça-feira,Ter,Dia de Alimentar os Pássaros,Dia Comemorativo,https://www.calendarr.com/portugal/dia-de-alimentar-os-passaros/
03/02/2026,2026-02-03,3,Fevereiro,2,Terça-feira,Ter,Dia de São Brás,Dia Comemorativo,https://www.calendarr.com/portugal/dia-de-sao-bras/
04/02/2026,2026-02-04,4,Fevereiro,2,Quarta-feira,Qua,Dia Mundial de Luta Contra o Cancro,Dia Comemorativo,https://www.calendarr.com/portugal/dia-mundial-de-luta-contra-o-cancro/
04/02/2026,2026-02-04,4,Fevereiro,2,Quarta-feira,Qua,Dia do Amigo do Facebook,Dia Comemorativo,https://www.calendarr.com/portugal/dia-do-amigo-do-facebook/
04/02/2026,2026-02-04,4,Fevereiro,2,Quarta-feira,Qua,Dia Internacional da Fraternidade Humana,Dia Comemorativo,https://www.calendarr.com/portugal/dia-internacional-da-fraternidade-humana/
04/02/2026,2026-02-04,4,Fevereiro,2,Quarta-feira,Qua,Dia de Rosa Parks,Dia Comemorativo,https://www.calendarr.com/portugal/dia-de-rosa-parks/
05/02/2026,2026-02-05,5,Fevereiro,2,Quinta-feira,Qui,Dia Mundial da Nutella,Dia Comemorativo,https://www.calendarr.com/portugal/dia-mundial-da-nutella/
05/02/2026,2026-02-05,5,Fevereiro,2,Quinta-feira,Qui,Dia de Santa Águeda,Dia Comemorativo,https://www.calendarr.com/portugal/dia-de-santa-agueda/
06/02/2026,2026-02-06,6,Fevereiro,2,Sexta-feira,Sex,Dia Internacional da Tolerância Zero à Mutilação Genital Feminina,Dia Comemorativo,https://www.calendarr.com/portugal/dia-internacional-da-tolerancia-zero-a-mutilacao-genital-feminina/
06/02/2026,2026-02-06,6,Fevereiro,2,Sexta-feira,Sex,Dia do Nascimento de Bob Marley,Dia Comemorativo,https://www.calendarr.com/portugal/dia-do-nascimento-de-bob-marley/
06/02/2026,2026-02-06,6,Fevereiro,2,Sexta-feira,Sex,Dia de Dar Sorrisos às Crianças,Dia Comemorativo,https://www.calendarr.com/portugal/dia-de-dar-sorrisos-as-criancas/
06/02/2026,2026-02-06,6,Fevereiro,2,Sexta-feira,Sex,Dia de Fazer um Elogio,Dia Comemorativo,https://www.calendarr.com/portugal/dia-de-fazer-um-elogio/
07/02/2026,2026-02-07,7,Fevereiro,2,Sábado,Sáb,Dia do Fettuccine Alfredo,Dia Comemorativo,https://www.calendarr.com/portugal/dia-do-fettuccine-alfredo/
07/02/2026,2026-02-07,7,Fevereiro,2,Sábado,Sáb,Dia de Abraçar um Viciado ou Alcoólatra,Dia Comemorativo,https://www.calendarr.com/portugal/dia-de-abracar-um-viciado-ou-alcoolatra/
07/02/2026,2026-02-07,7,Fevereiro,2,Sábado,Sáb,Dia de Acenar com Todos os Dedos para o Seu Vizinho,Dia Comemorativo,https://www.calendarr.com/portugal/dia-de-acenar-com-todos-os-dedos-para-o-seu-vizinho/
07/02/2026,2026-02-07,7,Fevereiro,2,Sábado,Sáb,Dia da Rosa,Dia Comemorativo,https://www.calendarr.com/portugal/dia-da-rosa/
08/02/2026,2026-02-08,8,Fevereiro,2,Domingo,Dom,Dia Mundial do Casamento,Dia Comemorativo,https://www.calendarr.com/portugal/dia-mundial-do-casamento/
08/02/2026,2026-02-08,8,Fevereiro,2,Domingo,Dom,Dia de Rir e Ficar Rico,Dia Comemorativo,https://www.calendarr.com/portugal/dia-de-rir-e-ficar-rico/
08/02/2026,2026-02-08,8,Fevereiro,2,Domingo,Dom,Dia de Santa Josefina,Dia Comemorativo,https://www.calendarr.com/portugal/dia-de-santa-josefina/
08/02/2026,2026-02-08,8,Fevereiro,2,Domingo,Dom,Dia do Pedido,Dia Comemorativo,https://www.calendarr.com/portugal/dia-do-pedido/
09/02/2026,2026-02-09,9,Fevereiro,2,Segunda-feira,Seg,Dia Internacional da Epilepsia,Dia Comemorativo,https://www.calendarr.com/portugal/dia-internacional-da-epilepsia/
09/02/2026,2026-02-09,9,Fevereiro,2,Segunda-feira,Seg,Dia Internacional da Língua Grega,Dia Comemorativo,https://www.calendarr.com/portugal/dia-internacional-da-lingua-grega/
09/02/2026,2026-02-09,9,Fevereiro,2,Segunda-feira,Seg,Dia de Limpar o Computador,Dia Comemorativo,https://www.calendarr.com/portugal/dia-de-limpar-o-computador/
09/02/2026,2026-02-09,9,Fevereiro,2,Segunda-feira,Seg,Dia de Santa Apolónia,Dia Comemorativo,https://www.calendarr.com/portugal/dia-de-santa-apolonia/
10/02/2026,2026-02-10,10,Fevereiro,2,Terça-feira,Ter,Dia Mundial das Leguminosas,Dia Comemorativo,https://www.calendarr.com/portugal/dia-mundial-das-leguminosas/
10/02/2026,2026-02-10,10,Fevereiro,2,Terça-feira,Ter,Dia da Internet Mais Segura,Dia Comemorativo,https://www.calendarr.com/portugal/dia-internacional-da-internet-segura/
10/02/2026,2026-02-10,10,Fevereiro,2,Terça-feira,Ter,Dia Internacional do Leopardo Árabe,Dia Comemorativo,https://www.calendarr.com/portugal/dia-internacional-do-leopardo-arabe/
10/02/2026,2026-02-10,10,Fevereiro,2,Terça-feira,Ter,Dia de Santa Escolástica,Dia Comemorativo,https://www.calendarr.com/portugal/dia-de-santa-escolastica/
11/02/2026,2026-02-11,11,Fevereiro,2,Quarta-feira,Qua,Dia Mundial do Doente,Dia Comemorativo,https://www.calendarr.com/portugal/dia-mundial-do-doente/
11/02/2026,2026-02-11,11,Fevereiro,2,Quarta-feira,Qua,Dia de Nossa Senhora de Lourdes,Dia Comemorativo,https://www.calendarr.com/portugal/dia-de-nossa-senhora-de-lourdes/
11/02/2026,2026-02-11,11,Fevereiro,2,Quarta-feira,Qua,Dia Internacional das Mulheres e Raparigas na Ciência,Dia Comemorativo,https://www.calendarr.com/portugal/dia-internacional-das-mulheres-e-raparigas-na-ciencia/
11/02/2026,2026-02-11,11,Fevereiro,2,Quarta-feira,Qua,Dia Europeu do 112,Dia Comemorativo,https://www.calendarr.com/portugal/dia-europeu-do-112/
12/02/2026,2026-02-12,12,Fevereiro,2,Quinta-feira,Qui,Dia de Darwin,Dia Comemorativo,https://www.calendarr.com/portugal/dia-de-darwin/
12/02/2026,2026-02-12,12,Fevereiro,2,Quinta-feira,Qui,Dia da Mão Vermelha,Dia Comemorativo,https://www.calendarr.com/portugal/dia-da-mao-vermelha/
12/02/2026,2026-02-12,12,Fevereiro,2,Quinta-feira,Qui,Dia de Santa Eulália,Dia Comemorativo,https://www.calendarr.com/portugal/dia-de-santa-eulalia/
12/02/2026,2026-02-12,12,Fevereiro,2,Quinta-feira,Qui,Dia da Moeda Perdida,Dia Comemorativo,https://www.calendarr.com/portugal/dia-da-moeda-perdida/
12/02/2026,2026-02-12,12,Fevereiro,2,Quinta-feira,Qui,Dia Internacional para a Prevenção do Extremismo Violento como e quando Conducente ao Terrorismo,Dia Comemorativo,
13/02/2026,2026-02-13,13,Fevereiro,2,Sexta-feira,Sex,Dia Mundial da Rádio,Dia Comemorativo,https://www.calendarr.com/portugal/dia-mundial-da-radio/
13/02/2026,2026-02-13,13,Fevereiro,2,Sexta-feira,Sex,Dia Internacional do Preservativo,Dia Comemorativo,https://www.calendarr.com/portugal/dia-internacional-do-preservativo/
13/02/2026,2026-02-13,13,Fevereiro,2,Sexta-feira,Sex,Dia de Ter um Nome Diferente,Dia Comemorativo,https://www.calendarr.com/portugal/dia-de-ter-um-nome-diferente/
13/02/2026,2026-02-13,13,Fevereiro,2,Sexta-feira,Sex,Dia do Amor Negro,Dia Comemorativo,https://www.calendarr.com/portugal/dia-do-amor-negro/
14/02/2026,2026-02-14,14,Fevereiro,2,Sábado,Sáb,Dia dos Namorados (Dia de São Valentim),Outro,https://www.calendarr.com/portugal/dia-dos-namorados-dia-de-sao-valentim/
14/02/2026,2026-02-14,14,Fevereiro,2,Sábado,Sáb,Dia do Amor,Dia Comemorativo,https://www.calendarr.com/portugal/dia-do-amor/
14/02/2026,2026-02-14,14,Fevereiro,2,Sábado,Sáb,Dia Internacional da Doação de Livros,Dia Comemorativo,https://www.calendarr.com/portugal/dia-internacional-da-doacao-de-livros/
14/02/2026,2026-02-14,14,Fevereiro,2,Sábado,Sáb,Dia Nacional do Doente Coronário,Dia Comemorativo,https://www.calendarr.com/portugal/dia-nacional-do-doente-coronario/
14/02/2026,2026-02-14,14,Fevereiro,2,Sábado,Sáb,Dia Mundial da Conscientização da Cardiopatia Congênita,Dia Comemorativo,
15/02/2026,2026-02-15,15,Fevereiro,2,Domingo,Dom,Dia Internacional da Criança com Cancro,Dia Comemorativo,https://www.calendarr.com/portugal/dia-internacional-da-crianca-com-cancro/
15/02/2026,2026-02-15,15,Fevereiro,2,Domingo,Dom,Dia Internacional da Síndrome de Angelman,Dia Comemorativo,https://www.calendarr.com/portugal/dia-internacional-da-sindrome-de-angelman/
15/02/2026,2026-02-15,15,Fevereiro,2,Domingo,Dom,Dia Mundial do Hipopótamo,Dia Comemorativo,https://www.calendarr.com/portugal/dia-mundial-do-hipopotamo/
15/02/2026,2026-02-15,15,Fevereiro,2,Domingo,Dom,Dia da Magia das Mulheres Negras,Dia Comemorativo,https://www.calendarr.com/portugal/dia-da-magia-das-mulheres-negras/
16/02/2026,2026-02-16,16,Fevereiro,2,Segunda-feira,Seg,Segunda-feira de Carnaval,Dia Comemorativo,https://www.calendarr.com/portugal/segunda-feira-de-carnaval/
16/02/2026,2026-02-16,16,Fevereiro,2,Segunda-feira,Seg,Dia do Repórter,Dia Comemorativo,https://www.calendarr.com/portugal/dia-do-reporter/
16/02/2026,2026-02-16,16,Fevereiro,2,Segunda-feira,Seg,Dia de Santa Juliana,Dia Comemorativo,https://www.calendarr.com/portugal/dia-de-santa-juliana/
16/02/2026,2026-02-16,16,Fevereiro,2,Segunda-feira,Seg,Dia do Protocolo de Quioto,Dia Comemorativo,https://www.calendarr.com/portugal/dia-do-protocolo-de-quioto/
17/02/2026,2026-02-17,17,Fevereiro,2,Terça-feira,Ter,Carnaval,Feriado Facultativo,https://www.calendarr.com/portugal/carnaval/
17/02/2026,2026-02-17,17,Fevereiro,2,Terça-feira,Ter,Ano Novo Chinês,Dia Comemorativo,https://www.calendarr.com/portugal/ano-novo-chines/
17/02/2026,2026-02-17,17,Fevereiro,2,Terça-feira,Ter,Dia dos Atos Espontâneos de Bondade,Dia Comemorativo,https://www.calendarr.com/portugal/dia-dos-atos-espontaneos-de-bondade/
17/02/2026,2026-02-17,17,Fevereiro,2,Terça-feira,Ter,Dia dos Sete Fundadores da Ordem dos Servitas,Dia Comemorativo,https://www.calendarr.com/portugal/dia-dos-sete-fundadores-da-ordem-dos-servitas/
17/02/2026,2026-02-17,17,Fevereiro,2,Terça-feira,Ter,Dia Mundial da Resiliência do Turismo,Dia Comemorativo,
18/02/2026,2026-02-18,18,Fevereiro,2,Quarta-feira,Qua,Dia Internacional da Síndrome de Asperger,Dia Comemorativo,https://www.calendarr.com/portugal/dia-internacional-da-sindrome-de-asperger/
18/02/2026,2026-02-18,18,Fevereiro,2,Quarta-feira,Qua,Quarta-feira de Cinzas,Dia Comemorativo,https://www.calendarr.com/portugal/quarta-feira-de-cinzas/
18/02/2026,2026-02-18,18,Fevereiro,2,Quarta-feira,Qua,Dia de São Teotónio,Dia Comemorativo,https://www.calendarr.com/portugal/dia-de-sao-teotonio/
18/02/2026,2026-02-18,18,Fevereiro,2,Quarta-feira,Qua,Quaresma 2027 (de 10 de fevereiro a 25 de março),Dia Comemorativo,https://www.calendarr.com/portugal/quaresma/
19/02/2026,2026-02-19,19,Fevereiro,2,Quinta-feira,Qui,Dia de São Conrado,Dia Comemorativo,https://www.calendarr.com/portugal/dia-de-sao-conrado/
19/02/2026,2026-02-19,19,Fevereiro,2,Quinta-feira,Qui,Dia Mundial da Baleia,Dia Comemorativo,https://www.calendarr.com/portugal/dia-mundial-da-baleia/
19/02/2026,2026-02-19,19,Fevereiro,2,Quinta-feira,Qui,Dia Mundial da Antropologia,Dia Comemorativo,https://www.calendarr.com/portugal/dia-mundial-da-antropologia/
19/02/2026,2026-02-19,19,Fevereiro,2,Quinta-feira,Qui,Dia Internacional contra a Homofobia no Futebol,Dia Comemorativo,https://www.calendarr.com/portugal/dia-internacional-contra-a-homofobia-no-futebol/
20/02/2026,2026-02-20,20,Fevereiro,2,Sexta-feira,Sex,Dia Mundial da Justiça Social,Dia Comemorativo,https://www.calendarr.com/portugal/dia-mundial-da-justica-social/
20/02/2026,2026-02-20,20,Fevereiro,2,Sexta-feira,Sex,Dia do Muffin,Dia Comemorativo,https://www.calendarr.com/portugal/dia-do-muffin/
20/02/2026,2026-02-20,20,Fevereiro,2,Sexta-feira,Sex,Dia de Limpar a Estante de Livros,Dia Comemorativo,https://www.calendarr.com/portugal/dia-de-limpar-a-estante-de-livros/
20/02/2026,2026-02-20,20,Fevereiro,2,Sexta-feira,Sex,Dia Sem Política,Dia Comemorativo,https://www.calendarr.com/portugal/dia-sem-politica/
21/02/2026,2026-02-21,21,Fevereiro,2,Sábado,Sáb,Dia Internacional da Língua Materna,Dia Comemorativo,https://www.calendarr.com/portugal/dia-internacional-da-lingua-materna/
21/02/2026,2026-02-21,21,Fevereiro,2,Sábado,Sáb,Início da Semana do Pão de Verdade,Dia Comemorativo,https://www.calendarr.com/portugal/inicio-da-semana-do-pao-de-verdade/
21/02/2026,2026-02-21,21,Fevereiro,2,Sábado,Sáb,Dia da Leitura de Cartas,Dia Comemorativo,https://www.calendarr.com/portugal/dia-da-leitura-de-cartas/
21/02/2026,2026-02-21,21,Fevereiro,2,Sábado,Sáb,Dia Internacional do Guia Intérprete,Dia Comemorativo,https://www.calendarr.com/portugal/dia-internacional-do-guia-interprete/
22/02/2026,2026-02-22,22,Fevereiro,2,Domingo,Dom,Dia Internacional do Maçom,Dia Comemorativo,
22/02/2026,2026-02-22,22,Fevereiro,2,Domingo,Dom,Dia Europeu da Vítima de Crime,Dia Comemorativo,https://www.calendarr.com/portugal/dia-europeu-da-vitima-de-crime/
22/02/2026,2026-02-22,22,Fevereiro,2,Domingo,Dom,Dia do Pensamento,Dia Comemorativo,https://www.calendarr.com/portugal/dia-do-pensamento/
22/02/2026,2026-02-22,22,Fevereiro,2,Domingo,Dom,Dia Mundial da Margarita,Dia Comemorativo,https://www.calendarr.com/portugal/dia-mundial-da-margarita/
22/02/2026,2026-02-22,22,Fevereiro,2,Domingo,Dom,Dia Mundial da Encefalite,Dia Comemorativo,https://www.calendarr.com/portugal/dia-mundial-da-encefalite/
23/02/2026,2026-02-23,23,Fevereiro,2,Segunda-feira,Seg,Dia de São Policarpo,Dia Comemorativo,https://www.calendarr.com/portugal/dia-de-sao-policarpo/
23/02/2026,2026-02-23,23,Fevereiro,2,Segunda-feira,Seg,Dia Internacional do Compromisso para o Controle do Mercúrio,Dia Comemorativo,https://www.calendarr.com/portugal/dia-internacional-do-compromisso-para-o-controle-do-mercurio/
23/02/2026,2026-02-23,23,Fevereiro,2,Segunda-feira,Seg,Dia do Pão de Banana,Dia Comemorativo,https://www.calendarr.com/portugal/dia-do-pao-de-banana/
23/02/2026,2026-02-23,23,Fevereiro,2,Segunda-feira,Seg,Dia do Rotary,Dia Comemorativo,https://www.calendarr.com/portugal/dia-do-rotary/
24/02/2026,2026-02-24,24,Fevereiro,2,Terça-feira,Ter,Dia Mundial do Bartender,Dia Comemorativo,https://www.calendarr.com/portugal/dia-mundial-do-bartender/
24/02/2026,2026-02-24,24,Fevereiro,2,Terça-feira,Ter,Dia de São Etelberto,Dia Comemorativo,https://www.calendarr.com/portugal/dia-de-sao-etelberto/
24/02/2026,2026-02-24,24,Fevereiro,2,Terça-feira,Ter,Dia Mundial da Esterilização Animal,Dia Comemorativo,https://www.calendarr.com/portugal/dia-mundial-da-esterilizacao-animal/
24/02/2026,2026-02-24,24,Fevereiro,2,Terça-feira,Ter,Dia Mundial dos Nachos,Dia Comemorativo,https://www.calendarr.com/portugal/dia-mundial-dos-nachos/
25/02/2026,2026-02-25,25,Fevereiro,2,Quarta-feira,Qua,Dia da Geografia Portuguesa,Dia Comemorativo,
25/02/2026,2026-02-25,25,Fevereiro,2,Quarta-feira,Qua,Dia de São Sebastião de Aparício,Dia Comemorativo,https://www.calendarr.com/portugal/dia-de-sao-sebastiao-de-aparicio/
25/02/2026,2026-02-25,25,Fevereiro,2,Quarta-feira,Qua,Dia Internacional do Implante Coclear,Dia Comemorativo,https://www.calendarr.com/portugal/dia-internacional-do-implante-coclear/
25/02/2026,2026-02-25,25,Fevereiro,2,Quarta-feira,Qua,Dia da t-shirt Rosa,Dia Comemorativo,https://www.calendarr.com/portugal/dia-da-t-shirt-rosa/
25/02/2026,2026-02-25,25,Fevereiro,2,Quarta-feira,Qua,Dia de Comer Bem,Dia Comemorativo,https://www.calendarr.com/portugal/dia-de-comer-bem/
26/02/2026,2026-02-26,26,Fevereiro,2,Quinta-feira,Qui,Dia da Garrafa Térmica,Dia Comemorativo,
26/02/2026,2026-02-26,26,Fevereiro,2,Quinta-feira,Qui,Dia de Santo Alexandre,Dia Comemorativo,https://www.calendarr.com/portugal/dia-de-santo-alexandre/
26/02/2026,2026-02-26,26,Fevereiro,2,Quinta-feira,Qui,Dia de Contar um Conto de Fadas,Dia Comemorativo,https://www.calendarr.com/portugal/dia-de-contar-um-conto-de-fadas/
26/02/2026,2026-02-26,26,Fevereiro,2,Quinta-feira,Qui,Dia Mundial do Pistácio,Dia Comemorativo,https://www.calendarr.com/portugal/dia-mundial-do-pistacio/
26/02/2026,2026-02-26,26,Fevereiro,2,Quinta-feira,Qui,Dia do Carpe Diem,Dia Comemorativo,https://www.calendarr.com/portugal/dia-do-carpe-diem/
27/02/2026,2026-02-27,27,Fevereiro,2,Sexta-feira,Sex,Dia Internacional do Urso Polar,Dia Comemorativo,https://www.calendarr.com/portugal/dia-internacional-do-urso-polar/
27/02/2026,2026-02-27,27,Fevereiro,2,Sexta-feira,Sex,Dia de São Leandro,Dia Comemorativo,https://www.calendarr.com/portugal/dia-de-sao-leandro/
27/02/2026,2026-02-27,27,Fevereiro,2,Sexta-feira,Sex,Dia de São Gabriel de Nossa Senhora das Dores,Dia Comemorativo,https://www.calendarr.com/portugal/dia-de-sao-gabriel/
27/02/2026,2026-02-27,27,Fevereiro,2,Sexta-feira,Sex,Dia Mundial das ONGs,Dia Comemorativo,https://www.calendarr.com/portugal/dia-mundial-das-ongs/
28/02/2026,2026-02-28,28,Fevereiro,2,Sábado,Sáb,Dia de São Romão e Lupicino,Dia Comemorativo,https://www.calendarr.com/portugal/dia-de-sao-romao-e-lupicino/
28/02/2026,2026-02-28,28,Fevereiro,2,Sábado,Sáb,Dia Mundial de combate a LER/DORT,Dia Comemorativo,https://www.calendarr.com/portugal/dia-mundial-de-combate-a-ler-dort/
28/02/2026,2026-02-28,28,Fevereiro,2,Sábado,Sáb,Dia Mundial das Doenças Raras,Dia Comemorativo,https://www.calendarr.com/portugal/dia-mundial-das-doencas-raras/
28/02/2026,2026-02-28,28,Fevereiro,2,Sábado,Sáb,Dia do Engolidor de Espadas,Dia Comemorativo,https://www.calendarr.com/portugal/dia-do-engolidor-de-espadas/
01/03/2026,2026-03-01,1,Março,3,Domingo,Dom,Dia Mundial da Proteção Civil,Dia Comemorativo,https://www.calendarr.com/portugal/dia-mundial-da-protecao-civil/
01/03/2026,2026-03-01,1,Março,3,Domingo,Dom,Dia da Discriminação Zero,Dia Comemorativo,https://www.calendarr.com/portugal/dia-da-discriminacao-zero/
01/03/2026,2026-03-01,1,Março,3,Domingo,Dom,Dia Mundial do Elogio,Dia Comemorativo,https://www.calendarr.com/portugal/dia-mundial-do-elogio/
01/03/2026,2026-03-01,1,Março,3,Domingo,Dom,Dia de São David,Dia Comemorativo,https://www.calendarr.com/portugal/dia-de-sao-david/
01/03/2026,2026-03-01,1,Março,3,Domingo,Dom,Dia Mundial das Ervas Marinhas,Dia Comemorativo,
02/03/2026,2026-03-02,2,Março,3,Segunda-feira,Seg,Dia de São Simplício,Dia Comemorativo,https://www.calendarr.com/portugal/dia-de-sao-simplicio/
02/03/2026,2026-03-02,2,Março,3,Segunda-feira,Seg,Dia Mundial do Bem-Estar Mental dos Adolescentes,Dia Comemorativo,https://www.calendarr.com/portugal/dia-mundial-do-bem-estar-mental-dos-adolescentes/
02/03/2026,2026-03-02,2,Março,3,Segunda-feira,Seg,Dia Internacional do Gato Resgatado,Dia Comemorativo,https://www.calendarr.com/portugal/dia-internacional-do-gato-resgatado/
02/03/2026,2026-03-02,2,Março,3,Segunda-feira,Seg,Dia das Coisas Velhas,Dia Comemorativo,https://www.calendarr.com/portugal/dia-das-coisas-velhas/
03/03/2026,2026-03-03,3,Março,3,Terça-feira,Ter,Dia Internacional da Vida Selvagem,Dia Comemorativo,https://www.calendarr.com/portugal/dia-internacional-da-vida-selvagem/
03/03/2026,2026-03-03,3,Março,3,Terça-feira,Ter,Dia Mundial da Audição,Dia Comemorativo,https://www.calendarr.com/portugal/dia-mundial-da-audicao/
03/03/2026,2026-03-03,3,Março,3,Terça-feira,Ter,Dia Mundial das Anomalias Congénitas,Dia Comemorativo,https://www.calendarr.com/portugal/dia-mundial-das-anomalias-congenitas/
03/03/2026,2026-03-03,3,Março,3,Terça-feira,Ter,Dia do Médico Otorrinolaringologista,Dia Comemorativo,https://www.calendarr.com/portugal/dia-do-medico-otorrinolaringologista/
04/03/2026,2026-03-04,4,Março,3,Quarta-feira,Qua,Dia Mundial da Obesidade,Dia Comemorativo,https://www.calendarr.com/portugal/dia-mundial-da-obesidade/
04/03/2026,2026-03-04,4,Março,3,Quarta-feira,Qua,Dia Mundial da Engenharia para o Desenvolvimento Sustentável,Dia Comemorativo,https://www.calendarr.com/portugal/dia-mundial-da-engenharia-para-o-desenvolvimento-sustentavel/
04/03/2026,2026-03-04,4,Março,3,Quarta-feira,Qua,Dia Internacional da Consciencialização sobre o HPV,Dia Comemorativo,https://www.calendarr.com/portugal/dia-internacional-da-consciencializacao-sobre-o-hpv/
04/03/2026,2026-03-04,4,Março,3,Quarta-feira,Qua,Dia de São Casimiro,Dia Comemorativo,https://www.calendarr.com/portugal/dia-de-sao-casimiro/
05/03/2026,2026-03-05,5,Março,3,Quinta-feira,Qui,Dia Internacional do Desarmamento e Consciencialização sobre a Não-Proliferação,Dia Comemorativo,https://www.calendarr.com/portugal/dia-internacional-do-desarmamento-e-consciencializacao-sobre-a-nao-proliferacao/
05/03/2026,2026-03-05,5,Março,3,Quinta-feira,Qui,Dia Mundial da Eficiência Energética,Dia Comemorativo,https://www.calendarr.com/portugal/dia-mundial-da-eficiencia-energetica/
05/03/2026,2026-03-05,5,Março,3,Quinta-feira,Qui,Dia de Consciencialização sobre o Transtorno Dissociativo de Identidade,Dia Comemorativo,https://www.calendarr.com/portugal/dia-de-consciencializacao-sobre-o-transtorno-dissociativo-de-identidade/
05/03/2026,2026-03-05,5,Março,3,Quinta-feira,Qui,Dia do Filme de Rolo,Dia Comemorativo,https://www.calendarr.com/portugal/dia-do-filme-de-rolo/
06/03/2026,2026-03-06,6,Março,3,Sexta-feira,Sex,Dia Mundial da Oração,Dia Comemorativo,https://www.calendarr.com/portugal/dia-mundial-da-oracao/
06/03/2026,2026-03-06,6,Março,3,Sexta-feira,Sex,Dia de Apreciação do Empregado,Dia Comemorativo,https://www.calendarr.com/portugal/dia-de-apreciacao-do-empregado/
06/03/2026,2026-03-06,6,Março,3,Sexta-feira,Sex,Dia da Bolacha Oreo,Dia Comemorativo,https://www.calendarr.com/portugal/dia-da-bolacha-oreo/
06/03/2026,2026-03-06,6,Março,3,Sexta-feira,Sex,Dia Internacional da Consciencialização sobre o Linfedema,Dia Comemorativo,https://www.calendarr.com/portugal/dia-internacional-da-consciencializacao-sobre-o-linfedema/
07/03/2026,2026-03-07,7,Março,3,Sábado,Sáb,Dia do Poder Vegetal,Dia Comemorativo,https://www.calendarr.com/portugal/dia-do-poder-vegetal/
07/03/2026,2026-03-07,7,Março,3,Sábado,Sáb,Dia de Santa Perpétua e Santa Felicidade,Dia Comemorativo,https://www.calendarr.com/portugal/dia-de-santa-perpetua-e-santa-felicidade/
07/03/2026,2026-03-07,7,Março,3,Sábado,Sáb,Dia de Ser Ouvido,Dia Comemorativo,https://www.calendarr.com/portugal/dia-de-ser-ouvido/
07/03/2026,2026-03-07,7,Março,3,Sábado,Sáb,Dia de Luto Nacional pelas Vítimas de Violência Doméstica,Dia Comemorativo,https://www.calendarr.com/portugal/dia-de-luto-nacional-pelas-vitimas-de-violencia-domestica/
08/03/2026,2026-03-08,8,Março,3,Domingo,Dom,Dia Internacional da Mulher,Outro,https://www.calendarr.com/portugal/dia-internacional-da-mulher/
08/03/2026,2026-03-08,8,Março,3,Domingo,Dom,Dia dos Videogames Retrô,Dia Comemorativo,https://www.calendarr.com/portugal/dia-dos-videogames-retro/
08/03/2026,2026-03-08,8,Março,3,Domingo,Dom,Dia Mundial da Consciencialização da Síndrome de Potocki-Lupski,Dia Comemorativo,https://www.calendarr.com/portugal/dia-mundial-da-consciencializacao-da-sindrome-de-potocki-lupski/
08/03/2026,2026-03-08,8,Março,3,Domingo,Dom,Dia de Ser Desagradável,Dia Comemorativo,https://www.calendarr.com/portugal/dia-de-ser-desagradavel/
09/03/2026,2026-03-09,9,Março,3,Segunda-feira,Seg,Dia Internacional da Almôndega,Dia Comemorativo,https://www.calendarr.com/portugal/dia-internacional-da-almondega/
09/03/2026,2026-03-09,9,Março,3,Segunda-feira,Seg,Dia de Superar Isso,Dia Comemorativo,https://www.calendarr.com/portugal/dia-de-superar-isso/
09/03/2026,2026-03-09,9,Março,3,Segunda-feira,Seg,Dia da Dentadura,Dia Comemorativo,https://www.calendarr.com/portugal/dia-da-dentadura/
09/03/2026,2026-03-09,9,Março,3,Segunda-feira,Seg,Dia de São Domingos Sávio,Dia Comemorativo,https://www.calendarr.com/portugal/dia-de-sao-domingos-savio/
10/03/2026,2026-03-10,10,Março,3,Terça-feira,Ter,Dia do Telefone,Dia Comemorativo,https://www.calendarr.com/portugal/dia-do-telefone/
10/03/2026,2026-03-10,10,Março,3,Terça-feira,Ter,Dia do Sogro,Dia Comemorativo,https://www.calendarr.com/portugal/dia-do-sogro/
10/03/2026,2026-03-10,10,Março,3,Terça-feira,Ter,Dia Internacional das Juízas,Dia Comemorativo,https://www.calendarr.com/portugal/dia-internacional-das-juizas/
10/03/2026,2026-03-10,10,Março,3,Terça-feira,Ter,Dia de Santa Maria Eugénia,Dia Comemorativo,https://www.calendarr.com/portugal/dia-de-santa-maria-eugenia/
11/03/2026,2026-03-11,11,Março,3,Quarta-feira,Qua,Dia Europeu das Vítimas do Terrorismo,Dia Comemorativo,https://www.calendarr.com/portugal/dia-europeu-das-vitimas-do-terrorismo/
11/03/2026,2026-03-11,11,Março,3,Quarta-feira,Qua,Dia Mundial da Canalização,Dia Comemorativo,https://www.calendarr.com/portugal/dia-mundial-da-canalizacao/
11/03/2026,2026-03-11,11,Março,3,Quarta-feira,Qua,"Dia Mundial da Cultura Muçulmana, da Paz, do Diálogo e do Cinema",Dia Comemorativo,https://www.calendarr.com/portugal/dia-mundial-da-cultura-muculmana-da-paz-do-dialogo-e-do-cinema/
11/03/2026,2026-03-11,11,Março,3,Quarta-feira,Qua,Dia da Desmistificação,Dia Comemorativo,https://www.calendarr.com/portugal/dia-da-desmistificacao/
11/03/2026,2026-03-11,11,Março,3,Quarta-feira,Qua,Dia Mundial da Pipoca,Dia Comemorativo,
12/03/2026,2026-03-12,12,Março,3,Quinta-feira,Qui,Dia Mundial do Rim,Dia Comemorativo,https://www.calendarr.com/portugal/dia-mundial-do-rim/
12/03/2026,2026-03-12,12,Março,3,Quinta-feira,Qui,Dia Mundial Contra a Cibercensura,Dia Comemorativo,https://www.calendarr.com/portugal/dia-mundial-contra-a-cibercensura/
12/03/2026,2026-03-12,12,Março,3,Quinta-feira,Qui,Dia de Santo Inocêncio,Dia Comemorativo,https://www.calendarr.com/portugal/dia-de-santo-inocencio/
12/03/2026,2026-03-12,12,Março,3,Quinta-feira,Qui,Dia Mundial do Glaucoma,Dia Comemorativo,https://www.calendarr.com/portugal/dia-mundial-do-glaucoma/
13/03/2026,2026-03-13,13,Março,3,Sexta-feira,Sex,Dia Internacional “Cada Menina Vence”,Dia Comemorativo,https://www.calendarr.com/portugal/dia-internacional-cada-menina-vence/
13/03/2026,2026-03-13,13,Março,3,Sexta-feira,Sex,Dia da Tarte de Coco,Dia Comemorativo,https://www.calendarr.com/portugal/dia-da-tarte-de-coco/
13/03/2026,2026-03-13,13,Março,3,Sexta-feira,Sex,Dia de Abrir um Guarda-Chuva Dentro de Casa,Dia Comemorativo,https://www.calendarr.com/portugal/dia-de-abrir-um-guarda-chuva-dentro-de-casa/
13/03/2026,2026-03-13,13,Março,3,Sexta-feira,Sex,Dia de São Rodrigo,Dia Comemorativo,https://www.calendarr.com/portugal/dia-de-sao-rodrigo/
14/03/2026,2026-03-14,14,Março,3,Sábado,Sáb,Dia Internacional da Matemática,Dia Comemorativo,
14/03/2026,2026-03-14,14,Março,3,Sábado,Sáb,Dia do Pi,Dia Comemorativo,https://www.calendarr.com/portugal/dia-do-pi/
14/03/2026,2026-03-14,14,Março,3,Sábado,Sáb,Dia da Incontinência Urinária,Dia Comemorativo,https://www.calendarr.com/portugal/dia-da-incontinencia-urinaria/
14/03/2026,2026-03-14,14,Março,3,Sábado,Sáb,Dia de Santa Matilde,Dia Comemorativo,https://www.calendarr.com/portugal/dia-de-santa-matilde/
14/03/2026,2026-03-14,14,Março,3,Sábado,Sáb,Dia Branco,Dia Comemorativo,https://www.calendarr.com/portugal/dia-branco/
14/03/2026,2026-03-14,14,Março,3,Sábado,Sáb,Dia Internacional de Ação pelos Rios,Dia Comemorativo,
15/03/2026,2026-03-15,15,Março,3,Domingo,Dom,Dia Mundial dos Direitos do Consumidor,Dia Comemorativo,https://www.calendarr.com/portugal/dia-mundial-dos-direitos-do-consumidor/
15/03/2026,2026-03-15,15,Março,3,Domingo,Dom,Dia Internacional de Combate à Islamofobia,Dia Comemorativo,https://www.calendarr.com/portugal/dia-internacional-de-combate-a-islamofobia/
15/03/2026,2026-03-15,15,Março,3,Domingo,Dom,Idos de Março,Dia Comemorativo,https://www.calendarr.com/portugal/idos-de-marco/
15/03/2026,2026-03-15,15,Março,3,Domingo,Dom,Dia Internacional Contra a Violência Policial,Dia Comemorativo,https://www.calendarr.com/portugal/dia-internacional-contra-a-violencia-policial/
16/03/2026,2026-03-16,16,Março,3,Segunda-feira,Seg,Dia da Liberdade de Informação,Dia Comemorativo,https://www.calendarr.com/portugal/dia-da-liberdade-de-informacao/
16/03/2026,2026-03-16,16,Março,3,Segunda-feira,Seg,Dia Mundial do Panda,Dia Comemorativo,https://www.calendarr.com/portugal/dia-mundial-do-panda/
16/03/2026,2026-03-16,16,Março,3,Segunda-feira,Seg,Dia Sem Selfies,Dia Comemorativo,https://www.calendarr.com/portugal/dia-sem-selfies/
16/03/2026,2026-03-16,16,Março,3,Segunda-feira,Seg,Dia da Alcachofra,Dia Comemorativo,https://www.calendarr.com/portugal/dia-da-alcachofra/
17/03/2026,2026-03-17,17,Março,3,Terça-feira,Ter,Dia do Agente Funerário,Dia Comemorativo,https://www.calendarr.com/portugal/dia-do-agente-funerario/
17/03/2026,2026-03-17,17,Março,3,Terça-feira,Ter,Dia Mundial do Serviço Social,Dia Comemorativo,https://www.calendarr.com/portugal/dia-mundial-do-servico-social/
17/03/2026,2026-03-17,17,Março,3,Terça-feira,Ter,Dia de São Patrício,Dia Comemorativo,https://www.calendarr.com/portugal/dia-de-sao-patricio/
17/03/2026,2026-03-17,17,Março,3,Terça-feira,Ter,Dia da Confiança Entre Médico e Paciente,Dia Comemorativo,https://www.calendarr.com/portugal/dia-da-confianca-entre-medico-e-paciente/
18/03/2026,2026-03-18,18,Março,3,Quarta-feira,Qua,Dia de São Cirilo de Jerusalém,Dia Comemorativo,https://www.calendarr.com/portugal/dia-de-sao-cirilo-de-jerusalem/
18/03/2026,2026-03-18,18,Março,3,Quarta-feira,Qua,Dia de Apreciação do Motorista de Transporte Público,Dia Comemorativo,https://www.calendarr.com/portugal/dia-de-apreciacao-do-motorista-de-transporte-publico/
19/03/2026,2026-03-19,19,Março,3,Quinta-feira,Qui,Dia do Pai,Outro,https://www.calendarr.com/portugal/dia-do-pai/
19/03/2026,2026-03-19,19,Março,3,Quinta-feira,Qui,Dia de São José,Dia Comemorativo,https://www.calendarr.com/portugal/dia-de-sao-jose/
20/03/2026,2026-03-20,20,Março,3,Sexta-feira,Sex,Início da Primavera,Outro,https://www.calendarr.com/portugal/inicio-da-primavera/
20/03/2026,2026-03-20,20,Março,3,Sexta-feira,Sex,Dia Mundial da Saúde Oral,Dia Comemorativo,
20/03/2026,2026-03-20,20,Março,3,Sexta-feira,Sex,Dia da Língua Francesa,Dia Comemorativo,
20/03/2026,2026-03-20,20,Março,3,Sexta-feira,Sex,Dia Mundial do Teatro para a Infância e Juventude,Dia Comemorativo,
20/03/2026,2026-03-20,20,Março,3,Sexta-feira,Sex,Dia Internacional da Felicidade,Dia Comemorativo,https://www.calendarr.com/portugal/dia-internacional-da-felicidade/
20/03/2026,2026-03-20,20,Março,3,Sexta-feira,Sex,Equinócio de Primavera,Dia Comemorativo,https://www.calendarr.com/portugal/equinocio-da-primavera/
20/03/2026,2026-03-20,20,Março,3,Sexta-feira,Sex,Dia Internacional do Contador de Histórias,Dia Comemorativo,
21/03/2026,2026-03-21,21,Março,3,Sábado,Sáb,Dia Internacional de Nowruz,Dia Comemorativo,
21/03/2026,2026-03-21,21,Março,3,Sábado,Sáb,Dia Internacional das Florestas,Dia Comemorativo,
21/03/2026,2026-03-21,21,Março,3,Sábado,Sáb,Dia do Tiramisù,Dia Comemorativo,
21/03/2026,2026-03-21,21,Março,3,Sábado,Sáb,Dia Internacional do Perfume,Dia Comemorativo,
21/03/2026,2026-03-21,21,Março,3,Sábado,Sáb,Dia Mundial dos Glaciares,Dia Comemorativo,
21/03/2026,2026-03-21,21,Março,3,Sábado,Sáb,Dia Mundial da Árvore,Dia Comemorativo,https://www.calendarr.com/portugal/dia-mundial-da-arvore/
21/03/2026,2026-03-21,21,Março,3,Sábado,Sáb,Dia Internacional de Luta Contra a Discriminação Racial,Dia Comemorativo,https://www.calendarr.com/portugal/dia-internacional-de-luta-contra-a-discriminacao-racial/
21/03/2026,2026-03-21,21,Março,3,Sábado,Sáb,Dia Europeu da Criatividade Artística,Dia Comemorativo,https://www.calendarr.com/portugal/dia-europeu-da-criatividade-artistica/
21/03/2026,2026-03-21,21,Março,3,Sábado,Sáb,Dia Internacional da Síndrome de Down,Dia Comemorativo,https://www.calendarr.com/portugal/dia-internacional-da-sindrome-de-down/
21/03/2026,2026-03-21,21,Março,3,Sábado,Sáb,Dia Mundial da Marioneta,Dia Comemorativo,https://www.calendarr.com/portugal/dia-mundial-da-marioneta/
21/03/2026,2026-03-21,21,Março,3,Sábado,Sáb,Dia Mundial da Poesia,Dia Comemorativo,https://www.calendarr.com/portugal/dia-mundial-da-poesia/
21/03/2026,2026-03-21,21,Março,3,Sábado,Sáb,Início da Semana da Solidariedade com os Povos em Luta contra a Discriminação e o Racismo (de 21 a 27),Dia Comemorativo,
22/03/2026,2026-03-22,22,Março,3,Domingo,Dom,Dia Mundial da Água,Dia Comemorativo,https://www.calendarr.com/portugal/dia-mundial-da-agua/
22/03/2026,2026-03-22,22,Março,3,Domingo,Dom,Dia Internacional da Foca,Dia Comemorativo,https://www.calendarr.com/portugal/dia-internacional-da-foca/
23/03/2026,2026-03-23,23,Março,3,Segunda-feira,Seg,Dia Mundial da Meteorologia,Dia Comemorativo,https://www.calendarr.com/portugal/dia-mundial-da-meteorologia/
23/03/2026,2026-03-23,23,Março,3,Segunda-feira,Seg,Dia Mundial do Acupunturista,Dia Comemorativo,https://www.calendarr.com/portugal/dia-mundial-do-acupunturista/
24/03/2026,2026-03-24,24,Março,3,Terça-feira,Ter,Dia Internacional das Pessoas Notáveis,Dia Comemorativo,
24/03/2026,2026-03-24,24,Março,3,Terça-feira,Ter,Dia Internacional para o Direito à Verdade para as Vítimas de Graves Violações dos Direitos Humanos,Dia Comemorativo,https://www.calendarr.com/portugal/dia-internacional-para-o-direito-a-verdade-para-as-vitimas-de-graves-violacoes-dos-direitos-humanos/
24/03/2026,2026-03-24,24,Março,3,Terça-feira,Ter,Dia Mundial da Tuberculose,Dia Comemorativo,https://www.calendarr.com/portugal/dia-mundial-da-tuberculose/
24/03/2026,2026-03-24,24,Março,3,Terça-feira,Ter,Dia Nacional do Estudante,Dia Comemorativo,https://www.calendarr.com/portugal/dia-nacional-do-estudante/
25/03/2026,2026-03-25,25,Março,3,Quarta-feira,Qua,Dia da Anunciação do Senhor,Dia Comemorativo,
25/03/2026,2026-03-25,25,Março,3,Quarta-feira,Qua,Dia Mundial do Waffle,Dia Comemorativo,
25/03/2026,2026-03-25,25,Março,3,Quarta-feira,Qua,Dia de São Dimas,Dia Comemorativo,https://www.calendarr.com/portugal/dia-de-sao-dimas/
25/03/2026,2026-03-25,25,Março,3,Quarta-feira,Qua,Dia Internacional em Memória das Vítimas da Escravatura e do Tráfico Transatlântico de Escravos,Dia Comemorativo,https://www.calendarr.com/portugal/dia-internacional-em-memoria-das-vitimas-da-escravatura-e-do-trafico-transatlantico-de-escravos/
25/03/2026,2026-03-25,25,Março,3,Quarta-feira,Qua,Dia Internacional de Solidariedade com Funcionários Detidos e Desaparecidos da ONU,Dia Comemorativo,https://www.calendarr.com/portugal/dia-internacional-de-solidariedade-com-funcionarios-detidos-e-desaparecidos-da-onu/
26/03/2026,2026-03-26,26,Março,3,Quinta-feira,Qui,Dia de Criar o Seu Próprio Feriado,Dia Comemorativo,https://www.calendarr.com/portugal/dia-de-criar-o-seu-proprio-feriado/
26/03/2026,2026-03-26,26,Março,3,Quinta-feira,Qui,Dia do Livro Português,Dia Comemorativo,https://www.calendarr.com/portugal/dia-do-livro-portugues/
27/03/2026,2026-03-27,27,Março,3,Sexta-feira,Sex,Dia Mundial do Teatro,Dia Comemorativo,https://www.calendarr.com/portugal/dia-mundial-do-teatro/
27/03/2026,2026-03-27,27,Março,3,Sexta-feira,Sex,Dia de São Ruperto,Dia Comemorativo,https://www.calendarr.com/portugal/dia-de-sao-ruperto/
27/03/2026,2026-03-27,27,Março,3,Sexta-feira,Sex,Dia Nacional do Dador de Sangue,Dia Comemorativo,https://www.calendarr.com/portugal/dia-nacional-do-dador-de-sangue/
28/03/2026,2026-03-28,28,Março,3,Sábado,Sáb,Hora do Planeta,Dia Comemorativo,https://www.calendarr.com/portugal/hora-do-planeta/
28/03/2026,2026-03-28,28,Março,3,Sábado,Sáb,Dia Nacional dos Centros Históricos,Dia Comemorativo,https://www.calendarr.com/portugal/dia-nacional-dos-centros-historicos/
29/03/2026,2026-03-29,29,Março,3,Domingo,Dom,Horário de verão: mudança de hora 2026,Dia Comemorativo,https://www.calendarr.com/portugal/horario-de-verao/
29/03/2026,2026-03-29,29,Março,3,Domingo,Dom,Dia Mundial do Piano,Dia Comemorativo,
29/03/2026,2026-03-29,29,Março,3,Domingo,Dom,Domingo de Ramos,Dia Comemorativo,https://www.calendarr.com/portugal/domingo-de-ramos/
30/03/2026,2026-03-30,30,Março,3,Segunda-feira,Seg,Dia da Terra Palestina,Dia Comemorativo,
30/03/2026,2026-03-30,30,Março,3,Segunda-feira,Seg,Dia Mundial do Transtorno Bipolar,Dia Comemorativo,https://www.calendarr.com/portugal/dia-mundial-do-transtorno-bipolar/
30/03/2026,2026-03-30,30,Março,3,Segunda-feira,Seg,Dia Internacional do Resíduo Zero,Dia Comemorativo,https://www.calendarr.com/portugal/dia-internacional-do-residuo-zero/
31/03/2026,2026-03-31,31,Março,3,Terça-feira,Ter,Dia Nacional do Doente com AVC,Dia Comemorativo,
31/03/2026,2026-03-31,31,Março,3,Terça-feira,Ter,Dia Internacional da Visibilidade Transgênero,Dia Comemorativo,
31/03/2026,2026-03-31,31,Março,3,Terça-feira,Ter,Dia de São Benjamim,Dia Comemorativo,https://www.calendarr.com/portugal/dia-de-sao-benjamim/
31/03/2026,2026-03-31,31,Março,3,Terça-feira,Ter,Dia Mundial do Backup,Dia Comemorativo,https://www.calendarr.com/portugal/dia-mundial-do-backup/
01/04/2026,2026-04-01,1,Abril,4,Quarta-feira,Qua,Dia das Mentiras - 1º de Abril,Dia Comemorativo,https://www.calendarr.com/portugal/dia-das-mentiras/
01/04/2026,2026-04-01,1,Abril,4,Quarta-feira,Qua,Dia Internacional da Diversão no Trabalho,Dia Comemorativo,https://www.calendarr.com/portugal/dia-internacional-da-diversao-no-trabalho/
02/04/2026,2026-04-02,2,Abril,4,Quinta-feira,Qui,Dia Internacional do Livro Infantil,Dia Comemorativo,https://www.calendarr.com/portugal/dia-internacional-do-livro-infantil/
02/04/2026,2026-04-02,2,Abril,4,Quinta-feira,Qui,Dia Mundial da Consciencialização do Autismo,Dia Comemorativo,https://www.calendarr.com/portugal/dia-da-consciencializacao-do-autismo/
03/04/2026,2026-04-03,3,Abril,4,Sexta-feira,Sex,Sexta-Feira Santa,Feriado Nacional,https://www.calendarr.com/portugal/sexta-feira-santa/
03/04/2026,2026-04-03,3,Abril,4,Sexta-feira,Sex,Dia do Atuário,Dia Comemorativo,https://www.calendarr.com/portugal/dia-do-atuario/
04/04/2026,2026-04-04,4,Abril,4,Sábado,Sáb,Dia 404,Dia Comemorativo,
04/04/2026,2026-04-04,4,Abril,4,Sábado,Sáb,Sábado Santo,Dia Comemorativo,https://www.calendarr.com/portugal/sabado-santo/
04/04/2026,2026-04-04,4,Abril,4,Sábado,Sáb,Dia Mundial do Rato,Dia Comemorativo,https://www.calendarr.com/portugal/dia-mundial-do-rato/
04/04/2026,2026-04-04,4,Abril,4,Sábado,Sáb,Dia Internacional Contra as Minas Antipessoais,Dia Comemorativo,https://www.calendarr.com/portugal/dia-internacional-para-a-consciencializacao-contra-as-minas-e-de-assistencia-a-desminagem/
05/04/2026,2026-04-05,5,Abril,4,Domingo,Dom,Páscoa,Feriado Nacional,https://www.calendarr.com/portugal/pascoa/
05/04/2026,2026-04-05,5,Abril,4,Domingo,Dom,Dia Internacional da Consciência,Dia Comemorativo,
05/04/2026,2026-04-05,5,Abril,4,Domingo,Dom,Dia Nacional do Doente com Artrite Reumatoide,Dia Comemorativo,https://www.calendarr.com/portugal/dia-nacional-do-doente-com-artrite-reumatoide/
06/04/2026,2026-04-06,6,Abril,4,Segunda-feira,Seg,Dia Internacional do Desporto ao Serviço do Desenvolvimento e da Paz,Dia Comemorativo,https://www.calendarr.com/portugal/dia-internacional-do-desporto-ao-servico-do-desenvolvimento-e-da-paz/
06/04/2026,2026-04-06,6,Abril,4,Segunda-feira,Seg,Dia Mundial da Atividade Física,Dia Comemorativo,https://www.calendarr.com/portugal/dia-mundial-da-atividade-fisica/
07/04/2026,2026-04-07,7,Abril,4,Terça-feira,Ter,Dia Internacional para Reflexão do Genocídio de 1994 contra os Tutsi em Ruanda,Dia Comemorativo,
07/04/2026,2026-04-07,7,Abril,4,Terça-feira,Ter,Dia Mundial da Saúde,Dia Comemorativo,https://www.calendarr.com/portugal/dia-mundial-da-saude/
07/04/2026,2026-04-07,7,Abril,4,Terça-feira,Ter,Dia Internacional do Castor,Dia Comemorativo,https://www.calendarr.com/portugal/dia-internacional-do-castor/
08/04/2026,2026-04-08,8,Abril,4,Quarta-feira,Qua,Dia da Astronomia,Dia Comemorativo,https://www.calendarr.com/portugal/dia-mundial-astronomia/
08/04/2026,2026-04-08,8,Abril,4,Quarta-feira,Qua,Dia Internacional do Cigano,Dia Comemorativo,https://www.calendarr.com/portugal/dia-internacional-do-cigano/
09/04/2026,2026-04-09,9,Abril,4,Quinta-feira,Qui,Dia Internacional do ASMR,Dia Comemorativo,https://www.calendarr.com/portugal/dia-internacional-do-asmr/
09/04/2026,2026-04-09,9,Abril,4,Quinta-feira,Qui,Dia do Antigo Combatente,Dia Comemorativo,https://www.calendarr.com/portugal/dia-do-antigo-combatente/
10/04/2026,2026-04-10,10,Abril,4,Sexta-feira,Sex,Dia Mundial da Homeopatia,Dia Comemorativo,https://www.calendarr.com/portugal/dia-mundial-da-homeopatia/
10/04/2026,2026-04-10,10,Abril,4,Sexta-feira,Sex,Dia do Golfista,Dia Comemorativo,https://www.calendarr.com/portugal/dia-do-golfista/
11/04/2026,2026-04-11,11,Abril,4,Sábado,Sáb,Dia da Limpeza da Despensa,Dia Comemorativo,https://www.calendarr.com/portugal/dia-da-limpeza-da-despensa/
11/04/2026,2026-04-11,11,Abril,4,Sábado,Sáb,Dia Mundial da Doença de Parkinson,Dia Comemorativo,https://www.calendarr.com/portugal/dia-mundial-da-doenca-de-parkinson/
12/04/2026,2026-04-12,12,Abril,4,Domingo,Dom,Dia Mundial da Aviação e Cosmonáutica,Dia Comemorativo,
12/04/2026,2026-04-12,12,Abril,4,Domingo,Dom,Dia Internacional do Voo Espacial Tripulado,Dia Comemorativo,https://www.calendarr.com/portugal/dia-internacional-do-voo-espacial-tripulado/
12/04/2026,2026-04-12,12,Abril,4,Domingo,Dom,Dia de São Victor,Dia Comemorativo,https://www.calendarr.com/portugal/dia-de-sao-victor/
12/04/2026,2026-04-12,12,Abril,4,Domingo,Dom,Dia de São Frutuoso,Dia Comemorativo,https://www.calendarr.com/portugal/dia-de-sao-frutuoso/
13/04/2026,2026-04-13,13,Abril,4,Segunda-feira,Seg,Dia Mundial do Scrabble,Dia Comemorativo,
13/04/2026,2026-04-13,13,Abril,4,Segunda-feira,Seg,Dia do Beijo,Dia Comemorativo,https://www.calendarr.com/portugal/dia-do-beijo/
13/04/2026,2026-04-13,13,Abril,4,Segunda-feira,Seg,Dia de São Hermenegildo,Dia Comemorativo,https://www.calendarr.com/portugal/dia-de-sao-hermenegildo/
14/04/2026,2026-04-14,14,Abril,4,Terça-feira,Ter,Dia Mundial do Café,Dia Comemorativo,https://www.calendarr.com/portugal/dia-mundial-cafe/
14/04/2026,2026-04-14,14,Abril,4,Terça-feira,Ter,Dia Mundial da Doença de Chagas,Dia Comemorativo,https://www.calendarr.com/portugal/dia-mundial-da-doenca-de-chagas/
15/04/2026,2026-04-15,15,Abril,4,Quarta-feira,Qua,Dia Internacional do Desarmamento Infantil,Dia Comemorativo,https://www.calendarr.com/portugal/dia-internacional-do-desarmamento-infantil/
15/04/2026,2026-04-15,15,Abril,4,Quarta-feira,Qua,Dia Mundial da Arte,Dia Comemorativo,https://www.calendarr.com/portugal/dia-mundial-da-arte/
15/04/2026,2026-04-15,15,Abril,4,Quarta-feira,Qua,Dia Mundial do Desenhista,Dia Comemorativo,
15/04/2026,2026-04-15,15,Abril,4,Quarta-feira,Qua,Dia Internacional do Bem-Estar,Dia Comemorativo,
16/04/2026,2026-04-16,16,Abril,4,Quinta-feira,Qui,Dia Mundial da Voz,Dia Comemorativo,https://www.calendarr.com/portugal/dia-mundial-da-voz/
16/04/2026,2026-04-16,16,Abril,4,Quinta-feira,Qui,Dia Mundial do Lazer,Dia Comemorativo,https://www.calendarr.com/portugal/dia-mundial-do-lazer/
17/04/2026,2026-04-17,17,Abril,4,Sexta-feira,Sex,Dia Internacional da Luta Camponesa,Dia Comemorativo,
17/04/2026,2026-04-17,17,Abril,4,Sexta-feira,Sex,Dia Mundial da Malbec,Dia Comemorativo,
17/04/2026,2026-04-17,17,Abril,4,Sexta-feira,Sex,Dia Mundial da Hemofilia,Dia Comemorativo,https://www.calendarr.com/portugal/dia-mundial-da-hemofilia/
17/04/2026,2026-04-17,17,Abril,4,Sexta-feira,Sex,Dia Internacional de Apreciação dos Morcegos,Dia Comemorativo,https://www.calendarr.com/portugal/dia-internacional-de-apreciacao-dos-morcegos/
18/04/2026,2026-04-18,18,Abril,4,Sábado,Sáb,Dia Internacional dos Monumentos e Sítios,Dia Comemorativo,https://www.calendarr.com/portugal/dia-internacional-dos-monumentos-e-sitios/
18/04/2026,2026-04-18,18,Abril,4,Sábado,Sáb,Dia Mundial do Radioamador,Dia Comemorativo,https://www.calendarr.com/portugal/dia-mundial-do-radioamador/
19/04/2026,2026-04-19,19,Abril,4,Domingo,Dom,Dia Mundial dos Simpsons,Dia Curioso,https://www.calendarr.com/portugal/dia-mundial-dos-simpsons/
19/04/2026,2026-04-19,19,Abril,4,Domingo,Dom,Dia de Consciencialização sobre a Hérnia Diafragmática Congênita,Dia Comemorativo,
19/04/2026,2026-04-19,19,Abril,4,Domingo,Dom,Dia de Santo Expedito,Dia Comemorativo,https://www.calendarr.com/portugal/dia-de-santo-expedito/
19/04/2026,2026-04-19,19,Abril,4,Domingo,Dom,Dia de Santa Ema,Dia Comemorativo,https://www.calendarr.com/portugal/dia-de-santa-ema/
20/04/2026,2026-04-20,20,Abril,4,Segunda-feira,Seg,Dia dos Sósias,Dia Comemorativo,https://www.calendarr.com/portugal/dia-dos-sosias/
20/04/2026,2026-04-20,20,Abril,4,Segunda-feira,Seg,Dia da Língua Chinesa,Dia Comemorativo,https://www.calendarr.com/portugal/dia-da-lingua-chinesa/
21/04/2026,2026-04-21,21,Abril,4,Terça-feira,Ter,Dia de Santo Anselmo,Dia Comemorativo,https://www.calendarr.com/portugal/dia-de-santo-anselmo/
21/04/2026,2026-04-21,21,Abril,4,Terça-feira,Ter,Dia Mundial da Criatividade e Inovação,Dia Comemorativo,https://www.calendarr.com/portugal/dia-mundial-da-criatividade-e-inovacao/
22/04/2026,2026-04-22,22,Abril,4,Quarta-feira,Qua,Dia Mundial da Terra,Dia Comemorativo,https://www.calendarr.com/portugal/dia-mundial-da-terra/
22/04/2026,2026-04-22,22,Abril,4,Quarta-feira,Qua,Dia Mundial da Selfie na Terra,Dia Comemorativo,https://www.calendarr.com/portugal/dia-mundial-da-selfie-na-terra/
23/04/2026,2026-04-23,23,Abril,4,Quinta-feira,Qui,Dia da Língua Inglesa,Dia Comemorativo,
23/04/2026,2026-04-23,23,Abril,4,Quinta-feira,Qui,Dia da Língua Espanhola,Dia Comemorativo,
23/04/2026,2026-04-23,23,Abril,4,Quinta-feira,Qui,Dia Internacional das Raparigas nas Tecnologias de Informação e Comunicação,Dia Comemorativo,
23/04/2026,2026-04-23,23,Abril,4,Quinta-feira,Qui,Dia Mundial do Escutismo,Dia Comemorativo,https://www.calendarr.com/portugal/dia-mundial-do-escutismo/
23/04/2026,2026-04-23,23,Abril,4,Quinta-feira,Qui,Dia de São Jorge,Dia Comemorativo,https://www.calendarr.com/portugal/dia-de-sao-jorge/
23/04/2026,2026-04-23,23,Abril,4,Quinta-feira,Qui,Dia Nacional da Educação de Surdos,Dia Comemorativo,https://www.calendarr.com/portugal/dia-nacional-da-educacao-de-surdos/
23/04/2026,2026-04-23,23,Abril,4,Quinta-feira,Qui,Dia Mundial do Livro e dos Direitos de Autor,Dia Comemorativo,https://www.calendarr.com/portugal/dia-mundial-do-livro/
24/04/2026,2026-04-24,24,Abril,4,Sexta-feira,Sex,Dia Mundial do Multilateralismo e da Diplomacia para a Paz,Dia Comemorativo,
24/04/2026,2026-04-24,24,Abril,4,Sexta-feira,Sex,Dia Internacional do Milho,Dia Comemorativo,https://www.calendarr.com/portugal/dia-internacional-do-milho/
24/04/2026,2026-04-24,24,Abril,4,Sexta-feira,Sex,Dia Mundial do Animal de Laboratório,Dia Comemorativo,https://www.calendarr.com/portugal/dia-mundial-do-animal-de-laboratorio/
24/04/2026,2026-04-24,24,Abril,4,Sexta-feira,Sex,Início da Semana Mundial da Imunização (de 24 a 30),Dia Comemorativo,
25/04/2026,2026-04-25,25,Abril,4,Sábado,Sáb,Dia da Liberdade (25 de Abril),Feriado Nacional,https://www.calendarr.com/portugal/dia-da-liberdade-25-de-abril/
25/04/2026,2026-04-25,25,Abril,4,Sábado,Sáb,Dia Mundial da Luta contra a Malária,Dia Comemorativo,
25/04/2026,2026-04-25,25,Abril,4,Sábado,Sáb,Dia Internacional de Consciencialização para a Alienação Parental,Dia Comemorativo,
25/04/2026,2026-04-25,25,Abril,4,Sábado,Sáb,Dia do ADN,Dia Comemorativo,
25/04/2026,2026-04-25,25,Abril,4,Sábado,Sáb,Dia Mundial da Medicina Veterinária,Dia Comemorativo,
25/04/2026,2026-04-25,25,Abril,4,Sábado,Sáb,Dia Mundial do Pinguim,Dia Comemorativo,https://www.calendarr.com/portugal/dia-mundial-do-pinguim/
25/04/2026,2026-04-25,25,Abril,4,Sábado,Sáb,Dia de São Marcos,Dia Comemorativo,https://www.calendarr.com/portugal/dia-de-sao-marcos/
25/04/2026,2026-04-25,25,Abril,4,Sábado,Sáb,Dia Internacional dos Delegados,Dia Comemorativo,
26/04/2026,2026-04-26,26,Abril,4,Domingo,Dom,Dia Internacional de Lembrança do Desastre de Chernobyl,Dia Comemorativo,
26/04/2026,2026-04-26,26,Abril,4,Domingo,Dom,Dia da Produção Nacional,Dia Comemorativo,https://www.calendarr.com/portugal/dia-da-producao-nacional/
26/04/2026,2026-04-26,26,Abril,4,Domingo,Dom,Dia Mundial da Propriedade Intelectual,Dia Comemorativo,https://www.calendarr.com/portugal/dia-mundial-da-propriedade-intelectual/
26/04/2026,2026-04-26,26,Abril,4,Domingo,Dom,Dia de São Pedro de Rates,Dia Comemorativo,https://www.calendarr.com/portugal/dia-de-sao-pedro-de-rates/
26/04/2026,2026-04-26,26,Abril,4,Domingo,Dom,Alien Day,Dia Comemorativo,
27/04/2026,2026-04-27,27,Abril,4,Segunda-feira,Seg,Dia Mundial do Design Gráfico,Dia Comemorativo,https://www.calendarr.com/portugal/dia-mundial-do-design-grafico/
27/04/2026,2026-04-27,27,Abril,4,Segunda-feira,Seg,Dia do Código Morse,Dia Comemorativo,https://www.calendarr.com/portugal/dia-do-codigo-morse/
28/04/2026,2026-04-28,28,Abril,4,Terça-feira,Ter,Dia da Sogra,Dia Comemorativo,https://www.calendarr.com/portugal/dia-da-sogra/
28/04/2026,2026-04-28,28,Abril,4,Terça-feira,Ter,Dia Nacional de Prevenção e Segurança no Trabalho,Dia Comemorativo,https://www.calendarr.com/portugal/dia-nacional-de-prevencao-e-seguranca-no-trabalho/
29/04/2026,2026-04-29,29,Abril,4,Quarta-feira,Qua,Dia Internacional da Conscientização sobre o Ruído,Dia Comemorativo,
29/04/2026,2026-04-29,29,Abril,4,Quarta-feira,Qua,Dia Mundial da Dança,Dia Comemorativo,https://www.calendarr.com/portugal/dia-mundial-da-danca/
29/04/2026,2026-04-29,29,Abril,4,Quarta-feira,Qua,Dia Internacional do Cão-Guia,Dia Comemorativo,https://www.calendarr.com/portugal/dia-internacional-do-cao-guia/
29/04/2026,2026-04-29,29,Abril,4,Quarta-feira,Qua,Dia Internacional em Memória das Vítimas de Terramotos,Dia Comemorativo,
30/04/2026,2026-04-30,30,Abril,4,Quinta-feira,Qui,Dia Internacional do Jazz,Dia Comemorativo,https://www.calendarr.com/portugal/dia-internacional-do-jazz/
30/04/2026,2026-04-30,30,Abril,4,Quinta-feira,Qui,Dia dos Filhos de Militares,Dia Comemorativo,https://www.calendarr.com/portugal/dia-dos-filhos-de-militares/
01/05/2026,2026-05-01,1,Maio,5,Sexta-feira,Sex,Dia do Trabalhador,Feriado Nacional,https://www.calendarr.com/portugal/dia-do-trabalhador/
01/05/2026,2026-05-01,1,Maio,5,Sexta-feira,Sex,Dia Internacional da Tuba,Dia Comemorativo,https://www.calendarr.com/portugal/dia-internacional-da-tuba/
02/05/2026,2026-05-02,2,Maio,5,Sábado,Sáb,Dia Mundial da Espondilite Anquilosante,Dia Comemorativo,
02/05/2026,2026-05-02,2,Maio,5,Sábado,Sáb,Dia Internacional do Harry Potter,Dia Comemorativo,
02/05/2026,2026-05-02,2,Maio,5,Sábado,Sáb,Dia Mundial do Atum,Dia Comemorativo,https://www.calendarr.com/portugal/dia-mundial-do-atum/
02/05/2026,2026-05-02,2,Maio,5,Sábado,Sáb,Dia de Santa Mafalda,Dia Comemorativo,https://www.calendarr.com/portugal/dia-de-santa-mafalda/
03/05/2026,2026-05-03,3,Maio,5,Domingo,Dom,Dia da Mãe,Outro,https://www.calendarr.com/portugal/dia-da-mae/
03/05/2026,2026-05-03,3,Maio,5,Domingo,Dom,Dia Mundial do Riso,Dia Comemorativo,
03/05/2026,2026-05-03,3,Maio,5,Domingo,Dom,Dia da Guarda Nacional Republicana,Dia Comemorativo,
03/05/2026,2026-05-03,3,Maio,5,Domingo,Dom,Dia Internacional da Liberdade de Imprensa,Dia Comemorativo,https://www.calendarr.com/portugal/dia-internacional-da-liberdade-de-imprensa/
03/05/2026,2026-05-03,3,Maio,5,Domingo,Dom,Dia de São Filipe,Dia Comemorativo,https://www.calendarr.com/portugal/dia-de-sao-filipe/
03/05/2026,2026-05-03,3,Maio,5,Domingo,Dom,Dia da Invenção da Santa Cruz,Dia Comemorativo,https://www.calendarr.com/portugal/dia-da-invencao-da-santa-cruz/
04/05/2026,2026-05-04,4,Maio,5,Segunda-feira,Seg,Dia de Star Wars,Dia Comemorativo,
04/05/2026,2026-05-04,4,Maio,5,Segunda-feira,Seg,Dia Internacional do Bombeiro,Dia Comemorativo,https://www.calendarr.com/portugal/dia-internacional-do-bombeiro/
04/05/2026,2026-05-04,4,Maio,5,Segunda-feira,Seg,Dia de São Floriano,Dia Comemorativo,https://www.calendarr.com/portugal/dia-de-sao-floriano/
05/05/2026,2026-05-05,5,Maio,5,Terça-feira,Ter,Dia Mundial da Língua Portuguesa,Dia Comemorativo,
05/05/2026,2026-05-05,5,Maio,5,Terça-feira,Ter,Dia do Património Mundial Africano,Dia Comemorativo,
05/05/2026,2026-05-05,5,Maio,5,Terça-feira,Ter,Dia Mundial da Asma,Dia Comemorativo,https://www.calendarr.com/portugal/dia-mundial-da-asma/
05/05/2026,2026-05-05,5,Maio,5,Terça-feira,Ter,Dia Mundial do Trânsito e da Cortesia ao Volante,Dia Comemorativo,https://www.calendarr.com/portugal/dia-mundial-do-transito-e-da-cortesia-ao-volante/
05/05/2026,2026-05-05,5,Maio,5,Terça-feira,Ter,Dia Mundial da Higiene das Mãos,Dia Comemorativo,https://www.calendarr.com/portugal/dia-mundial-da-higiene-das-maos/
05/05/2026,2026-05-05,5,Maio,5,Terça-feira,Ter,Dia Internacional da Parteira,Dia Comemorativo,https://www.calendarr.com/portugal/dia-internacional-da-parteira/
06/05/2026,2026-05-06,6,Maio,5,Quarta-feira,Qua,Dia Internacional Sem Dieta,Dia Comemorativo,https://www.calendarr.com/portugal/dia-internacional-sem-dieta/
06/05/2026,2026-05-06,6,Maio,5,Quarta-feira,Qua,Dia do Psicanalista,Dia Comemorativo,https://www.calendarr.com/portugal/dia-do-psicanalista/
06/05/2026,2026-05-06,6,Maio,5,Quarta-feira,Qua,Dia Mundial da Saúde Mental Materna,Dia Comemorativo,
06/05/2026,2026-05-06,6,Maio,5,Quarta-feira,Qua,Dia Mundial do Acordeão,Dia Comemorativo,
07/05/2026,2026-05-07,7,Maio,5,Quinta-feira,Qui,Dia Mundial da Senha,Dia Comemorativo,
07/05/2026,2026-05-07,7,Maio,5,Quinta-feira,Qui,Dia de Santa Flávia,Dia Comemorativo,https://www.calendarr.com/portugal/dia-de-santa-flavia/
07/05/2026,2026-05-07,7,Maio,5,Quinta-feira,Qui,Dia do Silêncio,Dia Comemorativo,https://www.calendarr.com/portugal/dia-do-silencio/
08/05/2026,2026-05-08,8,Maio,5,Sexta-feira,Sex,Dia Mundial do Cancro do Ovário,Dia Comemorativo,
08/05/2026,2026-05-08,8,Maio,5,Sexta-feira,Sex,"Tempo de Recordação e Reconciliação pelos que perderam a vida durante a Segunda Guerra Mundial, dias 8 e 9 de maio",Dia Comemorativo,
08/05/2026,2026-05-08,8,Maio,5,Sexta-feira,Sex,Dia da Vitória,Dia Comemorativo,
08/05/2026,2026-05-08,8,Maio,5,Sexta-feira,Sex,Dia Mundial da Cruz Vermelha e do Crescente Vermelho,Dia Comemorativo,https://www.calendarr.com/portugal/dia-mundial-da-cruz-vermelha-e-do-crescente-vermelho/
08/05/2026,2026-05-08,8,Maio,5,Sexta-feira,Sex,Dia Mundial da Segurança Social,Dia Comemorativo,https://www.calendarr.com/portugal/dia-mundial-da-seguranca-social/
09/05/2026,2026-05-09,9,Maio,5,Sábado,Sáb,Dia Mundial das Meias Perdidas,Dia Curioso,https://www.calendarr.com/portugal/dia-mundial-das-meias-perdidas/
09/05/2026,2026-05-09,9,Maio,5,Sábado,Sáb,Dia Mundial do Comércio Justo,Dia Comemorativo,
09/05/2026,2026-05-09,9,Maio,5,Sábado,Sáb,Dia da Europa,Dia Comemorativo,https://www.calendarr.com/portugal/dia-da-europa/
09/05/2026,2026-05-09,9,Maio,5,Sábado,Sáb,Dia Mundial das Aves Migratórias,Dia Comemorativo,https://www.calendarr.com/portugal/dia-mundial-das-aves-migratorias/
10/05/2026,2026-05-10,10,Maio,5,Domingo,Dom,Dia Nacional da Pessoa com Deficiência Intelectual,Dia Comemorativo,
10/05/2026,2026-05-10,10,Maio,5,Domingo,Dom,Dia Mundial do Lúpus,Dia Comemorativo,https://www.calendarr.com/portugal/dia-mundial-do-lupus/
10/05/2026,2026-05-10,10,Maio,5,Domingo,Dom,Dia de São Damião de Molokai,Dia Comemorativo,https://www.calendarr.com/portugal/dia-de-sao-damiao-de-molokai/
10/05/2026,2026-05-10,10,Maio,5,Domingo,Dom,Dia Internacional da Argania,Dia Comemorativo,
11/05/2026,2026-05-11,11,Maio,5,Segunda-feira,Seg,Dia Europeu do Melanoma,Dia Comemorativo,https://www.calendarr.com/portugal/dia-europeu-do-melanoma/
11/05/2026,2026-05-11,11,Maio,5,Segunda-feira,Seg,Dia Mundial da Consciencialização do Ego,Dia Comemorativo,https://www.calendarr.com/portugal/dia-mundial-da-consciencializacao-do-ego/
12/05/2026,2026-05-12,12,Maio,5,Terça-feira,Ter,Dia Mundial da Fibromialgia e da Síndrome da Fadiga Crónica,Dia Comemorativo,
12/05/2026,2026-05-12,12,Maio,5,Terça-feira,Ter,Dia Internacional do Enfermeiro,Dia Comemorativo,https://www.calendarr.com/portugal/dia-internacional-do-enfermeiro/
12/05/2026,2026-05-12,12,Maio,5,Terça-feira,Ter,Dia Internacional da Sanidade Vegetal,Dia Comemorativo,https://www.calendarr.com/portugal/dia-internacional-da-sanidade-vegetal/
12/05/2026,2026-05-12,12,Maio,5,Terça-feira,Ter,Dia de Santa Joana,Dia Comemorativo,https://www.calendarr.com/portugal/dia-de-santa-joana/
13/05/2026,2026-05-13,13,Maio,5,Quarta-feira,Qua,Dia Mundial do Cocktail,Dia Comemorativo,
13/05/2026,2026-05-13,13,Maio,5,Quarta-feira,Qua,Dia Internacional do Húmus,Dia Comemorativo,
13/05/2026,2026-05-13,13,Maio,5,Quarta-feira,Qua,Aparição de Nossa Sra. de Fátima aos 3 Pastorinhos,Dia Comemorativo,https://www.calendarr.com/portugal/aparicao-de-nossa-sra-de-fatima-aos-3-pastorinhos/
13/05/2026,2026-05-13,13,Maio,5,Quarta-feira,Qua,Dia do Duende,Dia Comemorativo,https://www.calendarr.com/portugal/dia-do-duende/
14/05/2026,2026-05-14,14,Maio,5,Quinta-feira,Qui,Dia de São Matias,Dia Comemorativo,https://www.calendarr.com/portugal/dia-de-sao-matias/
14/05/2026,2026-05-14,14,Maio,5,Quinta-feira,Qui,Dia da Espiga,Dia Comemorativo,https://www.calendarr.com/portugal/dia-da-espiga/
15/05/2026,2026-05-15,15,Maio,5,Sexta-feira,Sex,Dia Internacional da Latinidade,Dia Comemorativo,
15/05/2026,2026-05-15,15,Maio,5,Sexta-feira,Sex,Dia Internacional da Família,Dia Comemorativo,https://www.calendarr.com/portugal/dia-internacional-da-familia/
15/05/2026,2026-05-15,15,Maio,5,Sexta-feira,Sex,Dia Internacional dos Assistentes Virtuais,Dia Comemorativo,https://www.calendarr.com/portugal/dia-internacional-dos-assistentes-virtuais/
16/05/2026,2026-05-16,16,Maio,5,Sábado,Sáb,Dia Mundial de Conscientização sobre a Doença Celíaca,Dia Comemorativo,
16/05/2026,2026-05-16,16,Maio,5,Sábado,Sáb,Dia Internacional do Viver Juntos em Paz,Dia Comemorativo,
16/05/2026,2026-05-16,16,Maio,5,Sábado,Sáb,Dia Mundial do Pessoal de Apoio Educativo (PAE),Dia Comemorativo,
16/05/2026,2026-05-16,16,Maio,5,Sábado,Sáb,Dia Nacional dos Cientistas,Dia Comemorativo,
16/05/2026,2026-05-16,16,Maio,5,Sábado,Sáb,Dia Internacional da Luz,Dia Comemorativo,https://www.calendarr.com/portugal/dia-internacional-da-luz/
16/05/2026,2026-05-16,16,Maio,5,Sábado,Sáb,Dia Mundial do Whisky,Dia Comemorativo,https://www.calendarr.com/portugal/dia-mundial-do-whisky/
17/05/2026,2026-05-17,17,Maio,5,Domingo,Dom,Dia Mundial da Reciclagem,Dia Comemorativo,
17/05/2026,2026-05-17,17,Maio,5,Domingo,Dom,Dia Mundial das Telecomunicações e da Sociedade da Informação,Dia Comemorativo,https://www.calendarr.com/portugal/dia-mundial-das-telecomunicacoes/
17/05/2026,2026-05-17,17,Maio,5,Domingo,Dom,"Dia Internacional de Luta contra a Homofobia, a Transfobia e a Bifobia",Dia Comemorativo,https://www.calendarr.com/portugal/dia-internacional-de-luta-contra-a-homofobia-e-a-transfobia/
17/05/2026,2026-05-17,17,Maio,5,Domingo,Dom,Dia Mundial da Hipertensão,Dia Comemorativo,https://www.calendarr.com/portugal/dia-mundial-da-hipertensao/
17/05/2026,2026-05-17,17,Maio,5,Domingo,Dom,Dia Mundial da Pastelaria,Dia Comemorativo,https://www.calendarr.com/portugal/dia-mundial-da-pastelaria/
17/05/2026,2026-05-17,17,Maio,5,Domingo,Dom,Dia Mundial da Internet,Dia Comemorativo,https://www.calendarr.com/portugal/dia-mundial-da-internet/
18/05/2026,2026-05-18,18,Maio,5,Segunda-feira,Seg,Dia Internacional dos Museus,Dia Comemorativo,https://www.calendarr.com/portugal/dia-internacional-dos-museus/
18/05/2026,2026-05-18,18,Maio,5,Segunda-feira,Seg,Dia de Santa Rafaela,Dia Comemorativo,https://www.calendarr.com/portugal/dia-de-santa-rafaela/
18/05/2026,2026-05-18,18,Maio,5,Segunda-feira,Seg,Dia Mundial da Vacina Contra a SIDA,Dia Comemorativo,https://www.calendarr.com/portugal/dia-mundial-da-vacina-contra-a-sida/
18/05/2026,2026-05-18,18,Maio,5,Segunda-feira,Seg,Dia Internacional do Fascínio das Plantas,Dia Comemorativo,https://www.calendarr.com/portugal/dia-internacional-do-fascinio-das-plantas/
19/05/2026,2026-05-19,19,Maio,5,Terça-feira,Ter,Dia Mundial da Doença Inflamatória do Intestino,Dia Comemorativo,
19/05/2026,2026-05-19,19,Maio,5,Terça-feira,Ter,Dia Mundial da Doação de Leite Humano,Dia Comemorativo,
19/05/2026,2026-05-19,19,Maio,5,Terça-feira,Ter,Dia Nacional do Advogado,Dia Comemorativo,
19/05/2026,2026-05-19,19,Maio,5,Terça-feira,Ter,Dia de Santo Ivo,Dia Comemorativo,https://www.calendarr.com/portugal/dia-de-santo-ivo/
19/05/2026,2026-05-19,19,Maio,5,Terça-feira,Ter,Dia Mundial do Médico de Família,Dia Comemorativo,https://www.calendarr.com/portugal/dia-mundial-do-medico-de-familia/
19/05/2026,2026-05-19,19,Maio,5,Terça-feira,Ter,Dia Mundial do Jogo Limpo,Dia Comemorativo,
20/05/2026,2026-05-20,20,Maio,5,Quarta-feira,Qua,Dia Mundial das Abelhas,Dia Comemorativo,
20/05/2026,2026-05-20,20,Maio,5,Quarta-feira,Qua,Dia da Marinha,Dia Comemorativo,https://www.calendarr.com/portugal/dia-da-marinha/
20/05/2026,2026-05-20,20,Maio,5,Quarta-feira,Qua,Dia de São Bernardino,Dia Comemorativo,https://www.calendarr.com/portugal/dia-de-sao-bernardino/
20/05/2026,2026-05-20,20,Maio,5,Quarta-feira,Qua,Dia Mundial da Metrologia,Dia Comemorativo,https://www.calendarr.com/portugal/dia-mundial-da-metrologia/
20/05/2026,2026-05-20,20,Maio,5,Quarta-feira,Qua,Dia Europeu do Mar,Dia Comemorativo,https://www.calendarr.com/portugal/dia-europeu-do-mar/
21/05/2026,2026-05-21,21,Maio,5,Quinta-feira,Qui,Dia Nacional do Sapador Florestal,Dia Comemorativo,
21/05/2026,2026-05-21,21,Maio,5,Quinta-feira,Qui,Dia de São Cristóvão de Magalhães,Dia Comemorativo,https://www.calendarr.com/portugal/dia-de-sao-cristovao-de-magalhaes/
21/05/2026,2026-05-21,21,Maio,5,Quinta-feira,Qui,Dia Internacional do Chá,Dia Comemorativo,https://www.calendarr.com/portugal/dia-internacional-do-cha/
21/05/2026,2026-05-21,21,Maio,5,Quinta-feira,Qui,Dia Mundial da Diversidade Cultural para o Diálogo e o Desenvolvimento,Dia Comemorativo,https://www.calendarr.com/portugal/dia-mundial-da-diversidade-cultural-para-o-dialogo-e-o-desenvolvimento/
22/05/2026,2026-05-22,22,Maio,5,Sexta-feira,Sex,Dia de Santa Júlia,Dia Comemorativo,https://www.calendarr.com/portugal/dia-de-santa-julia/
22/05/2026,2026-05-22,22,Maio,5,Sexta-feira,Sex,Dia de Santa Quitéria,Dia Comemorativo,https://www.calendarr.com/portugal/dia-de-santa-quiteria/
22/05/2026,2026-05-22,22,Maio,5,Sexta-feira,Sex,Dia do Autor Português,Dia Comemorativo,https://www.calendarr.com/portugal/dia-do-autor-portugues/
22/05/2026,2026-05-22,22,Maio,5,Sexta-feira,Sex,Dia de Santa Rita,Dia Comemorativo,https://www.calendarr.com/portugal/dia-de-santa-rita/
22/05/2026,2026-05-22,22,Maio,5,Sexta-feira,Sex,Dia Internacional da Biodiversidade Biológica,Dia Comemorativo,https://www.calendarr.com/portugal/dia-internacional-da-biodiversidade/
23/05/2026,2026-05-23,23,Maio,5,Sábado,Sáb,Dia Internacional para Acabar com a Fístula Obstétrica,Dia Comemorativo,
23/05/2026,2026-05-23,23,Maio,5,Sábado,Sáb,Dia Mundial da Tartaruga,Dia Comemorativo,https://www.calendarr.com/portugal/dia-mundial-da-tartaruga/
23/05/2026,2026-05-23,23,Maio,5,Sábado,Sáb,Dia Mundial da Migração dos Peixes,Dia Comemorativo,https://www.calendarr.com/portugal/dia-mundial-da-migracao-dos-peixes/
23/05/2026,2026-05-23,23,Maio,5,Sábado,Sáb,Dia Nacional de Luta Contra a Obesidade,Dia Comemorativo,https://www.calendarr.com/portugal/dia-nacional-de-luta-contra-a-obesidade/
24/05/2026,2026-05-24,24,Maio,5,Domingo,Dom,Dia Mundial da Pessoa com Esquizofrenia,Dia Comemorativo,
24/05/2026,2026-05-24,24,Maio,5,Domingo,Dom,Dia Internacional das Mulheres pela Paz e pelo Desarmamento,Dia Comemorativo,
24/05/2026,2026-05-24,24,Maio,5,Domingo,Dom,Dia Europeu dos Parques Naturais,Dia Comemorativo,https://www.calendarr.com/portugal/dia-europeu-dos-parques-naturais/
24/05/2026,2026-05-24,24,Maio,5,Domingo,Dom,Dia de Pentecostes,Dia Comemorativo,https://www.calendarr.com/portugal/pentecostes/
25/05/2026,2026-05-25,25,Maio,5,Segunda-feira,Seg,Dia da Região Autónoma dos Açores,Dia Comemorativo,
25/05/2026,2026-05-25,25,Maio,5,Segunda-feira,Seg,Dia Nacional dos Jardins,Dia Comemorativo,
25/05/2026,2026-05-25,25,Maio,5,Segunda-feira,Seg,Dia Internacional das Crianças Desaparecidas,Dia Comemorativo,https://www.calendarr.com/portugal/dia-internacional-das-criancas-desaparecidas/
25/05/2026,2026-05-25,25,Maio,5,Segunda-feira,Seg,Dia de Santa Maria Madalena de Pazzi,Dia Comemorativo,https://www.calendarr.com/portugal/dia-de-santa-maria-madalena-de-pazzi/
25/05/2026,2026-05-25,25,Maio,5,Segunda-feira,Seg,Dia de São Beda,Dia Comemorativo,https://www.calendarr.com/portugal/dia-de-sao-beda/
25/05/2026,2026-05-25,25,Maio,5,Segunda-feira,Seg,Dia de África,Dia Comemorativo,https://www.calendarr.com/portugal/dia-da-africa/
25/05/2026,2026-05-25,25,Maio,5,Segunda-feira,Seg,Dia Mundial do Futebol,Dia Comemorativo,
25/05/2026,2026-05-25,25,Maio,5,Segunda-feira,Seg,Início da Semana de Solidariedade com os Povos dos Territórios Não Autónomos (de 25 a 31),Dia Comemorativo,
26/05/2026,2026-05-26,26,Maio,5,Terça-feira,Ter,Dia de São Filipe Néri,Dia Comemorativo,https://www.calendarr.com/portugal/dia-de-sao-filipe-neri/
26/05/2026,2026-05-26,26,Maio,5,Terça-feira,Ter,Dia de Santa Mariana de Quito,Dia Comemorativo,https://www.calendarr.com/portugal/dia-de-santa-mariana-de-quito/
27/05/2026,2026-05-27,27,Maio,5,Quarta-feira,Qua,Dia de Não Temer,Dia Comemorativo,
27/05/2026,2026-05-27,27,Maio,5,Quarta-feira,Qua,Dia de Santo Agostinho de Cantuária,Dia Comemorativo,https://www.calendarr.com/portugal/dia-de-santo-agostinho-de-cantuaria/
27/05/2026,2026-05-27,27,Maio,5,Quarta-feira,Qua,Dia Mundial da Lontra,Dia Comemorativo,https://www.calendarr.com/portugal/dia-mundial-da-lontra/
28/05/2026,2026-05-28,28,Maio,5,Quinta-feira,Qui,Dia Mundial do Hambúrguer,Dia Curioso,https://www.calendarr.com/portugal/dia-mundial-do-hamburguer/
28/05/2026,2026-05-28,28,Maio,5,Quinta-feira,Qui,Dia Internacional da Dignidade Menstrual,Dia Comemorativo,
28/05/2026,2026-05-28,28,Maio,5,Quinta-feira,Qui,Dia Internacional da Saúde Feminina,Dia Comemorativo,https://www.calendarr.com/portugal/dia-internacional-da-saude-feminina/
29/05/2026,2026-05-29,29,Maio,5,Sexta-feira,Sex,Dia Mundial da Saúde Digestiva,Dia Comemorativo,
29/05/2026,2026-05-29,29,Maio,5,Sexta-feira,Sex,Dia Europeu do Vizinho,Dia Comemorativo,
29/05/2026,2026-05-29,29,Maio,5,Sexta-feira,Sex,Dia Nacional da Energia,Dia Comemorativo,https://www.calendarr.com/portugal/dia-nacional-da-energia/
29/05/2026,2026-05-29,29,Maio,5,Sexta-feira,Sex,Dia Internacional dos Soldados da Paz das Nações Unidas,Dia Comemorativo,https://www.calendarr.com/portugal/dia-internacional-dos-soldados-da-paz-das-nacoes-unidas/
30/05/2026,2026-05-30,30,Maio,5,Sábado,Sáb,Dia Internacional da Batata,Dia Comemorativo,
30/05/2026,2026-05-30,30,Maio,5,Sábado,Sáb,Dia Nacional do Agente de Viagens,Dia Comemorativo,https://www.calendarr.com/portugal/dia-nacional-do-agente-de-viagens/
30/05/2026,2026-05-30,30,Maio,5,Sábado,Sáb,Dia Mundial da Esclerose Múltipla,Dia Comemorativo,https://www.calendarr.com/portugal/dia-mundial-da-esclerose-multipla/
31/05/2026,2026-05-31,31,Maio,5,Domingo,Dom,Dia Mundial de Combate ao Fumo,Dia Comemorativo,
31/05/2026,2026-05-31,31,Maio,5,Domingo,Dom,Dia do Pescador,Dia Comemorativo,
31/05/2026,2026-05-31,31,Maio,5,Domingo,Dom,Dia Nacional do Folclore Português,Dia Comemorativo,
31/05/2026,2026-05-31,31,Maio,5,Domingo,Dom,Dia Mundial do Papagaio,Dia Comemorativo,
31/05/2026,2026-05-31,31,Maio,5,Domingo,Dom,Dia Mundial do Acolhimento Familiar,Dia Comemorativo,
31/05/2026,2026-05-31,31,Maio,5,Domingo,Dom,Dia dos Irmãos,Dia Comemorativo,https://www.calendarr.com/portugal/dia-dos-irmaos/
31/05/2026,2026-05-31,31,Maio,5,Domingo,Dom,Dia da Visitação de Nossa Senhora,Dia Comemorativo,https://www.calendarr.com/portugal/dia-da-visitacao-de-nossa-senhora/
31/05/2026,2026-05-31,31,Maio,5,Domingo,Dom,Dia Mundial Sem Tabaco,Dia Comemorativo,https://www.calendarr.com/portugal/dia-mundial-sem-tabaco/
01/06/2026,2026-06-01,1,Junho,6,Segunda-feira,Seg,Dia da Criança (Dia Mundial da Criança),Outro,https://www.calendarr.com/portugal/dia-mundial-da-crianca/
01/06/2026,2026-06-01,1,Junho,6,Segunda-feira,Seg,Dia Mundial dos Pais,Dia Comemorativo,
01/06/2026,2026-06-01,1,Junho,6,Segunda-feira,Seg,Dia Mundial do Leite,Dia Comemorativo,
01/06/2026,2026-06-01,1,Junho,6,Segunda-feira,Seg,Dia Nacional do Sobreiro e da Cortiça,Dia Comemorativo,
01/06/2026,2026-06-01,1,Junho,6,Segunda-feira,Seg,Dia de São Justino,Dia Comemorativo,https://www.calendarr.com/portugal/dia-de-sao-justino/
02/06/2026,2026-06-02,2,Junho,6,Terça-feira,Ter,Dia de Sair mais Cedo do Trabalho,Dia Curioso,https://www.calendarr.com/portugal/dia-de-sair-mais-cedo-do-trabalho/
02/06/2026,2026-06-02,2,Junho,6,Terça-feira,Ter,Dia Internacional da Consciencialização sobre os Distúrbios Alimentares,Dia Comemorativo,
02/06/2026,2026-06-02,2,Junho,6,Terça-feira,Ter,Dia Internacional da Trabalhadora Sexual,Dia Comemorativo,https://www.calendarr.com/portugal/dia-internacional-da-prostituta/
03/06/2026,2026-06-03,3,Junho,6,Quarta-feira,Qua,Dia Mundial da Bicicleta,Dia Comemorativo,https://www.calendarr.com/portugal/dia-mundial-da-bicicleta/
03/06/2026,2026-06-03,3,Junho,6,Quarta-feira,Qua,Dia Mundial da Corrida,Dia Comemorativo,https://www.calendarr.com/portugal/dia-mundial-da-corrida/
04/06/2026,2026-06-04,4,Junho,6,Quinta-feira,Qui,Corpo de Deus,Feriado Nacional,https://www.calendarr.com/portugal/corpo-de-deus/
04/06/2026,2026-06-04,4,Junho,6,Quinta-feira,Qui,Dia Internacional das Crianças Inocentes Vítimas de Agressão,Dia Comemorativo,https://www.calendarr.com/portugal/dia-internacional-das-criancas-inocentes-vitimas-de-agressao/
05/06/2026,2026-06-05,5,Junho,6,Sexta-feira,Sex,"Dia Internacional de Luta contra a Pesca Ilegal, Não Declarada e Não Regulamentada",Dia Comemorativo,
05/06/2026,2026-06-05,5,Junho,6,Sexta-feira,Sex,Dia Mundial do Ambiente,Dia Comemorativo,https://www.calendarr.com/portugal/dia-mundial-do-ambiente/
05/06/2026,2026-06-05,5,Junho,6,Sexta-feira,Sex,Dia de São Bonifácio,Dia Comemorativo,https://www.calendarr.com/portugal/dia-de-sao-bonifacio/
05/06/2026,2026-06-05,5,Junho,6,Sexta-feira,Sex,Dia Mundial Anti Contrafação,Dia Comemorativo,
06/06/2026,2026-06-06,6,Junho,6,Sábado,Sáb,Dia da Língua Russa,Dia Comemorativo,
06/06/2026,2026-06-06,6,Junho,6,Sábado,Sáb,Dia de São Norberto,Dia Comemorativo,https://www.calendarr.com/portugal/dia-de-sao-norberto/
06/06/2026,2026-06-06,6,Junho,6,Sábado,Sáb,Dia de São Marcelino,Dia Comemorativo,https://www.calendarr.com/portugal/dia-de-sao-marcelino/
07/06/2026,2026-06-07,7,Junho,6,Domingo,Dom,Aniversário do Tratado de Tordesilhas,Dia Comemorativo,https://www.calendarr.com/portugal/aniversario-do-tratado-de-tordesilhas/
07/06/2026,2026-06-07,7,Junho,6,Domingo,Dom,Dia Mundial da Segurança Alimentar,Dia Comemorativo,https://www.calendarr.com/portugal/dia-mundial-da-seguranca-alimentar/
08/06/2026,2026-06-08,8,Junho,6,Segunda-feira,Seg,Dia Mundial dos Oceanos,Dia Comemorativo,https://www.calendarr.com/portugal/dia-mundial-dos-oceanos/
08/06/2026,2026-06-08,8,Junho,6,Segunda-feira,Seg,Dia Mundial do Tumor Cerebral,Dia Comemorativo,https://www.calendarr.com/portugal/dia-mundial-do-tumor-cerebral/
09/06/2026,2026-06-09,9,Junho,6,Terça-feira,Ter,Dia Internacional para a Segurança em Passagens de Nível,Dia Comemorativo,https://www.calendarr.com/portugal/dia-internacional-para-a-seguranca-em-passagens-de-nivel/
09/06/2026,2026-06-09,9,Junho,6,Terça-feira,Ter,Dia Mundial da Acreditação,Dia Comemorativo,
09/06/2026,2026-06-09,9,Junho,6,Terça-feira,Ter,Dia Internacional dos Arquivos,Dia Comemorativo,https://www.calendarr.com/portugal/dia-internacional-dos-arquivos/
09/06/2026,2026-06-09,9,Junho,6,Terça-feira,Ter,Dia de São José de Anchieta,Dia Comemorativo,https://www.calendarr.com/portugal/dia-de-sao-jose-de-anchieta/
10/06/2026,2026-06-10,10,Junho,6,Quarta-feira,Qua,"Dia de Portugal (10 de junho), de Camões e das Comunidades Portuguesas",Feriado Nacional,https://www.calendarr.com/portugal/dia-de-portugal/
10/06/2026,2026-06-10,10,Junho,6,Quarta-feira,Qua,Dia Internacional do Diálogo entre Civilizações,Dia Comemorativo,
10/06/2026,2026-06-10,10,Junho,6,Quarta-feira,Qua,Dia Mundial dos Alcoólicos Anónimos,Dia Comemorativo,
10/06/2026,2026-06-10,10,Junho,6,Quarta-feira,Qua,Dia do Chá Gelado,Dia Comemorativo,https://www.calendarr.com/portugal/dia-do-cha-gelado/
11/06/2026,2026-06-11,11,Junho,6,Quinta-feira,Qui,Abertura do Mundial 2026,Dia Comemorativo,
11/06/2026,2026-06-11,11,Junho,6,Quinta-feira,Qui,Dia Internacional do Brincar,Dia Comemorativo,https://www.calendarr.com/portugal/dia-internacional-do-brincar/
11/06/2026,2026-06-11,11,Junho,6,Quinta-feira,Qui,Dia de São Barnabé,Dia Comemorativo,https://www.calendarr.com/portugal/dia-de-sao-barnabe/
12/06/2026,2026-06-12,12,Junho,6,Sexta-feira,Sex,Dia Mundial Contra o Trabalho Infantil,Dia Comemorativo,https://www.calendarr.com/portugal/dia-mundial-contra-o-trabalho-infantil/
12/06/2026,2026-06-12,12,Junho,6,Sexta-feira,Sex,Dia de Santo Onofre,Dia Comemorativo,https://www.calendarr.com/portugal/dia-de-santo-onofre/
13/06/2026,2026-06-13,13,Junho,6,Sábado,Sáb,Dia de Santo António,Outro,https://www.calendarr.com/portugal/dia-de-santo-antonio/
13/06/2026,2026-06-13,13,Junho,6,Sábado,Sáb,Dia Mundial de Tricotar em Público,Dia Comemorativo,
13/06/2026,2026-06-13,13,Junho,6,Sábado,Sáb,Dia Mundial de Consciencialização do Albinismo,Dia Comemorativo,https://www.calendarr.com/portugal/dia-mundial-de-consciencializacao-do-albinismo/
14/06/2026,2026-06-14,14,Junho,6,Domingo,Dom,Dia do Solista,Dia Comemorativo,https://www.calendarr.com/portugal/dia-do-solista/
14/06/2026,2026-06-14,14,Junho,6,Domingo,Dom,Dia Mundial do Dador de Sangue,Dia Comemorativo,https://www.calendarr.com/portugal/dia-mundial-do-dador-de-sangue/
15/06/2026,2026-06-15,15,Junho,6,Segunda-feira,Seg,Dia Internacional da Mulher na Mineração,Dia Comemorativo,
15/06/2026,2026-06-15,15,Junho,6,Segunda-feira,Seg,Dia Mundial da Consciencialização da Violência contra a Pessoa Idosa,Dia Comemorativo,https://www.calendarr.com/portugal/dia-mundial-da-consciencializacao-da-violencia-contra-a-pessoa-idosa/
15/06/2026,2026-06-15,15,Junho,6,Segunda-feira,Seg,Dia Mundial do Vento,Dia Comemorativo,https://www.calendarr.com/portugal/dia-mundial-do-vento/
15/06/2026,2026-06-15,15,Junho,6,Segunda-feira,Seg,Dia de Santa Germana,Dia Comemorativo,https://www.calendarr.com/portugal/dia-de-santa-germana/
16/06/2026,2026-06-16,16,Junho,6,Terça-feira,Ter,Dia Internacional das Remessas Familiares,Dia Comemorativo,
16/06/2026,2026-06-16,16,Junho,6,Terça-feira,Ter,Dia Internacional da Criança Africana,Dia Comemorativo,https://www.calendarr.com/portugal/dia-internacional-da-crianca-africana/
16/06/2026,2026-06-16,16,Junho,6,Terça-feira,Ter,Dia Nacional contra a Paramiloidose,Dia Comemorativo,https://www.calendarr.com/portugal/dia-nacional-contra-a-paramiloidose/
17/06/2026,2026-06-17,17,Junho,6,Quarta-feira,Qua,Dia Nacional em Memória das Vítimas dos Incêndios Florestais,Dia Comemorativo,
17/06/2026,2026-06-17,17,Junho,6,Quarta-feira,Qua,Dia Mundial do Combate à Seca e à Desertificação,Dia Comemorativo,https://www.calendarr.com/portugal/dia-mundial-do-combate-a-seca-e-a-desertificacao/
17/06/2026,2026-06-17,17,Junho,6,Quarta-feira,Qua,Dia de São Manuel,Dia Comemorativo,https://www.calendarr.com/portugal/dia-de-sao-manuel/
17/06/2026,2026-06-17,17,Junho,6,Quarta-feira,Qua,Portugal x República Democrática do Congo - Mundial 2026,Dia Comemorativo,
18/06/2026,2026-06-18,18,Junho,6,Quinta-feira,Qui,Dia da Gastronomia Sustentável,Dia Comemorativo,
18/06/2026,2026-06-18,18,Junho,6,Quinta-feira,Qui,Dia Internacional de Combate ao Discurso de Ódio,Dia Comemorativo,
18/06/2026,2026-06-18,18,Junho,6,Quinta-feira,Qui,Dia Internacional do Sushi,Dia Comemorativo,https://www.calendarr.com/portugal/dia-internacional-do-sushi/
18/06/2026,2026-06-18,18,Junho,6,Quinta-feira,Qui,Dia de Osana,Dia Comemorativo,https://www.calendarr.com/portugal/dia-de-osana/
18/06/2026,2026-06-18,18,Junho,6,Quinta-feira,Qui,Dia Internacional do Piquenique,Dia Comemorativo,https://www.calendarr.com/portugal/dia-internacional-do-piquenique/
18/06/2026,2026-06-18,18,Junho,6,Quinta-feira,Qui,Dia Internacional do Pânico,Dia Comemorativo,https://www.calendarr.com/portugal/dia-internacional-do-panico/
18/06/2026,2026-06-18,18,Junho,6,Quinta-feira,Qui,Dia do Orgulho Autista,Dia Comemorativo,https://www.calendarr.com/portugal/dia-do-orgulho-autista/
19/06/2026,2026-06-19,19,Junho,6,Sexta-feira,Sex,Dia Internacional para Eliminação da Violência Sexual em Conflito,Dia Comemorativo,
19/06/2026,2026-06-19,19,Junho,6,Sexta-feira,Sex,Dia Mundial do Albatroz,Dia Comemorativo,
19/06/2026,2026-06-19,19,Junho,6,Sexta-feira,Sex,Dia Mundial de Consciência Sobre Doença Falciforme,Dia Comemorativo,https://www.calendarr.com/portugal/dia-mundial-de-consciencia-sobre-doenca-falciforme/
19/06/2026,2026-06-19,19,Junho,6,Sexta-feira,Sex,Dia de São Romualdo,Dia Comemorativo,https://www.calendarr.com/portugal/dia-de-sao-romualdo/
20/06/2026,2026-06-20,20,Junho,6,Sábado,Sáb,Dia Mundial do Refugiado,Dia Comemorativo,https://www.calendarr.com/portugal/dia-mundial-do-refugiado/
20/06/2026,2026-06-20,20,Junho,6,Sábado,Sáb,Dia Mundial da Produtividade,Dia Comemorativo,https://www.calendarr.com/portugal/dia-mundial-da-produtividade/
20/06/2026,2026-06-20,20,Junho,6,Sábado,Sáb,Dia Mundial do Malabarismo,Dia Comemorativo,https://www.calendarr.com/portugal/dia-mundial-do-malabarismo/
21/06/2026,2026-06-21,21,Junho,6,Domingo,Dom,Início do Verão,Outro,https://www.calendarr.com/portugal/inicio-do-verao/
21/06/2026,2026-06-21,21,Junho,6,Domingo,Dom,Dia Mundial da Selfie,Dia Comemorativo,
21/06/2026,2026-06-21,21,Junho,6,Domingo,Dom,Dia Internacional do Yoga,Dia Comemorativo,https://www.calendarr.com/portugal/dia-mundial-do-yoga/
21/06/2026,2026-06-21,21,Junho,6,Domingo,Dom,Dia Europeu da Música,Dia Comemorativo,https://www.calendarr.com/portugal/dia-europeu-da-musica/
21/06/2026,2026-06-21,21,Junho,6,Domingo,Dom,Dia do Relógio do Sol,Dia Comemorativo,https://www.calendarr.com/portugal/dia-do-relogio-do-sol/
21/06/2026,2026-06-21,21,Junho,6,Domingo,Dom,Dia Mundial da Girafa,Dia Comemorativo,https://www.calendarr.com/portugal/dia-mundial-da-girafa/
21/06/2026,2026-06-21,21,Junho,6,Domingo,Dom,Solstício de Verão,Dia Comemorativo,https://www.calendarr.com/portugal/solsticio-de-verao/
21/06/2026,2026-06-21,21,Junho,6,Domingo,Dom,Dia Humanista Mundial,Dia Comemorativo,https://www.calendarr.com/portugal/dia-humanista-mundial/
22/06/2026,2026-06-22,22,Junho,6,Segunda-feira,Seg,Dia de Levar o Cão para o Trabalho,Dia Comemorativo,https://www.calendarr.com/portugal/dia-de-levar-o-cao-para-o-trabalho/
22/06/2026,2026-06-22,22,Junho,6,Segunda-feira,Seg,Dia Mundial do Carocha,Dia Comemorativo,https://www.calendarr.com/portugal/dia-mundial-do-carocha/
23/06/2026,2026-06-23,23,Junho,6,Terça-feira,Ter,Dia Internacional da Mulher na Engenharia,Dia Comemorativo,
23/06/2026,2026-06-23,23,Junho,6,Terça-feira,Ter,Portugal x Uzbequistão - Mundial 2026,Dia Comemorativo,
23/06/2026,2026-06-23,23,Junho,6,Terça-feira,Ter,Dia Internacional da Síndrome de Dravet,Dia Comemorativo,
23/06/2026,2026-06-23,23,Junho,6,Terça-feira,Ter,Dia de São José Cafasso,Dia Comemorativo,https://www.calendarr.com/portugal/dia-de-sao-jose-cafasso/
23/06/2026,2026-06-23,23,Junho,6,Terça-feira,Ter,Dia Internacional das Viúvas,Dia Comemorativo,https://www.calendarr.com/portugal/dia-internacional-das-viuvas/
23/06/2026,2026-06-23,23,Junho,6,Terça-feira,Ter,Dia das Nações Unidas para o Serviço Público,Dia Comemorativo,https://www.calendarr.com/portugal/dia-das-nacoes-unidas-para-o-servico-publico/
23/06/2026,2026-06-23,23,Junho,6,Terça-feira,Ter,Dia Olímpico,Dia Comemorativo,https://www.calendarr.com/portugal/dia-olimpico/
23/06/2026,2026-06-23,23,Junho,6,Terça-feira,Ter,Véspera de São João,Dia Comemorativo,https://www.calendarr.com/portugal/vespera-de-sao-joao/
24/06/2026,2026-06-24,24,Junho,6,Quarta-feira,Qua,Dia de São João,Outro,https://www.calendarr.com/portugal/dia-de-sao-joao/
24/06/2026,2026-06-24,24,Junho,6,Quarta-feira,Qua,Dia Mundial de Prevenção de Quedas,Dia Comemorativo,
24/06/2026,2026-06-24,24,Junho,6,Quarta-feira,Qua,Dia Internacional das Mulheres na Diplomacia,Dia Comemorativo,
24/06/2026,2026-06-24,24,Junho,6,Quarta-feira,Qua,Dia Nacional do Cigano,Dia Comemorativo,https://www.calendarr.com/portugal/dia-nacional-do-cigano/
25/06/2026,2026-06-25,25,Junho,6,Quinta-feira,Qui,Dia Nacional do Multimédia,Dia Comemorativo,
25/06/2026,2026-06-25,25,Junho,6,Quinta-feira,Qui,Dia de São Guilherme,Dia Comemorativo,https://www.calendarr.com/portugal/dia-de-sao-guilherme/
25/06/2026,2026-06-25,25,Junho,6,Quinta-feira,Qui,Dia Mundial do Vitiligo,Dia Comemorativo,https://www.calendarr.com/portugal/dia-mundial-do-vitiligo/
25/06/2026,2026-06-25,25,Junho,6,Quinta-feira,Qui,Dia do Marinheiro,Dia Comemorativo,https://www.calendarr.com/portugal/dia-do-marinheiro/
26/06/2026,2026-06-26,26,Junho,6,Sexta-feira,Sex,Dia Internacional da Luta Contra o Uso e Tráfico Ilícito de Drogas,Dia Comemorativo,https://www.calendarr.com/portugal/dia-internacional-da-luta-contra-o-uso-e-trafico-ilicito-de-drogas/
26/06/2026,2026-06-26,26,Junho,6,Sexta-feira,Sex,Dia Internacional de Apoio às Vítimas de Tortura,Dia Comemorativo,https://www.calendarr.com/portugal/dia-internacional-de-apoio-as-vitimas-de-tortura/
26/06/2026,2026-06-26,26,Junho,6,Sexta-feira,Sex,Dia de São Josemaría Escrivá,Dia Comemorativo,https://www.calendarr.com/portugal/dia-de-sao-josemaria-escriva/
27/06/2026,2026-06-27,27,Junho,6,Sábado,Sáb,"Dia Internacional das Micro, Pequenas e Médias Empresas",Dia Comemorativo,
27/06/2026,2026-06-27,27,Junho,6,Sábado,Sáb,Portugal x Colômbia - Mundial 2026,Dia Comemorativo,
27/06/2026,2026-06-27,27,Junho,6,Sábado,Sáb,Dia Mundial do Microbioma,Dia Comemorativo,
27/06/2026,2026-06-27,27,Junho,6,Sábado,Sáb,Dia dos Trabalhadores Industriais Mundiais,Dia Comemorativo,https://www.calendarr.com/portugal/dia-dos-trabalhadores-industriais-mundiais/
27/06/2026,2026-06-27,27,Junho,6,Sábado,Sáb,Dia Internacional da Surdocegueira,Dia Comemorativo,https://www.calendarr.com/portugal/dia-internacional-da-surdocegueira/
28/06/2026,2026-06-28,28,Junho,6,Domingo,Dom,Dia Internacional do Orgulho LGBTQIA+,Dia Comemorativo,
28/06/2026,2026-06-28,28,Junho,6,Domingo,Dom,Dia Internacional do Piercing Corporal,Dia Comemorativo,https://www.calendarr.com/portugal/dia-internacional-do-piercing-corporal/
28/06/2026,2026-06-28,28,Junho,6,Domingo,Dom,Dia Internacional do Rastreio Neonatal,Dia Comemorativo,https://www.calendarr.com/portugal/dia-internacional-do-rastreio-neonatal/
29/06/2026,2026-06-29,29,Junho,6,Segunda-feira,Seg,Dia de São Pedro,Outro,https://www.calendarr.com/portugal/dia-de-sao-pedro/
29/06/2026,2026-06-29,29,Junho,6,Segunda-feira,Seg,Dia Internacional dos Trópicos,Dia Comemorativo,
29/06/2026,2026-06-29,29,Junho,6,Segunda-feira,Seg,Dia de São Paulo,Dia Comemorativo,https://www.calendarr.com/portugal/dia-de-sao-paulo/
29/06/2026,2026-06-29,29,Junho,6,Segunda-feira,Seg,Dia Internacional da Lama,Dia Comemorativo,https://www.calendarr.com/portugal/dia-internacional-da-lama/
29/06/2026,2026-06-29,29,Junho,6,Segunda-feira,Seg,Dia do Papa,Dia Comemorativo,https://www.calendarr.com/portugal/dia-do-papa/
29/06/2026,2026-06-29,29,Junho,6,Segunda-feira,Seg,Dia Mundial da Esclerodermia,Dia Comemorativo,
30/06/2026,2026-06-30,30,Junho,6,Terça-feira,Ter,Dia Internacional do Asteroide,Dia Comemorativo,
30/06/2026,2026-06-30,30,Junho,6,Terça-feira,Ter,Dia Mundial das Redes Sociais,Dia Comemorativo,https://www.calendarr.com/portugal/dia-mundial-das-redes-sociais/
30/06/2026,2026-06-30,30,Junho,6,Terça-feira,Ter,Dia Internacional do Parlamentarismo,Dia Comemorativo,https://www.calendarr.com/portugal/dia-internacional-do-parlamentarismo/
01/07/2026,2026-07-01,1,Julho,7,Quarta-feira,Qua,Dia Mundial das Bibliotecas,Dia Comemorativo,https://www.calendarr.com/portugal/dia-mundial-das-bibliotecas/
01/07/2026,2026-07-01,1,Julho,7,Quarta-feira,Qua,Dia Mundial do Salvamento,Dia Comemorativo,https://www.calendarr.com/portugal/dia-mundial-do-salvamento/
01/07/2026,2026-07-01,1,Julho,7,Quarta-feira,Qua,Dia Internacional da Piada,Dia Comemorativo,https://www.calendarr.com/portugal/dia-internacional-da-piada/
01/07/2026,2026-07-01,1,Julho,7,Quarta-feira,Qua,Dia da Região Autónoma da Madeira,Dia Comemorativo,https://www.calendarr.com/portugal/dia-da-madeira/
02/07/2026,2026-07-02,2,Julho,7,Quinta-feira,Qui,Dia Mundial do OVNI,Dia Comemorativo,https://www.calendarr.com/portugal/dia-mundial-do-ovni/
02/07/2026,2026-07-02,2,Julho,7,Quinta-feira,Qui,Dia de São Bernardino Realino,Dia Comemorativo,https://www.calendarr.com/portugal/dia-de-sao-bernardino-realino/
02/07/2026,2026-07-02,2,Julho,7,Quinta-feira,Qui,Dia da Polícia de Segurança Pública,Dia Comemorativo,https://www.calendarr.com/portugal/dia-da-policia-de-seguranca-publica/
03/07/2026,2026-07-03,3,Julho,7,Sexta-feira,Sex,Dia de São Tomé,Dia Comemorativo,https://www.calendarr.com/portugal/dia-de-sao-tome/
03/07/2026,2026-07-03,3,Julho,7,Sexta-feira,Sex,Dia Internacional Sem Sacos de Plástico,Dia Comemorativo,https://www.calendarr.com/portugal/dia-internacional-sem-sacos-de-plastico/
04/07/2026,2026-07-04,4,Julho,7,Sábado,Sáb,Dia de Santa Isabel,Dia Comemorativo,https://www.calendarr.com/portugal/dia-de-santa-isabel/
04/07/2026,2026-07-04,4,Julho,7,Sábado,Sáb,Dia Internacional das Cooperativas,Dia Comemorativo,https://www.calendarr.com/portugal/dia-internacional-das-cooperativas/
05/07/2026,2026-07-05,5,Julho,7,Domingo,Dom,Dia Mundial do Naturismo,Dia Comemorativo,
05/07/2026,2026-07-05,5,Julho,7,Domingo,Dom,Dia do Bikini,Dia Comemorativo,https://www.calendarr.com/portugal/dia-do-bikini/
05/07/2026,2026-07-05,5,Julho,7,Domingo,Dom,Dia de Construir um Espantalho,Dia Comemorativo,https://www.calendarr.com/portugal/dia-de-construir-um-espantalho/
06/07/2026,2026-07-06,6,Julho,7,Segunda-feira,Seg,Dia Mundial do Desenvolvimento Rural,Dia Comemorativo,
06/07/2026,2026-07-06,6,Julho,7,Segunda-feira,Seg,Portugal x Espanha - Copa do Mundo 2026,Dia Comemorativo,
06/07/2026,2026-07-06,6,Julho,7,Segunda-feira,Seg,Dia de Santa Maria Goretti,Dia Comemorativo,https://www.calendarr.com/portugal/dia-de-santa-maria-goretti/
06/07/2026,2026-07-06,6,Julho,7,Segunda-feira,Seg,Dia Mundial das Zoonoses,Dia Comemorativo,https://www.calendarr.com/portugal/dia-mundial-das-zoonoses/
07/07/2026,2026-07-07,7,Julho,7,Terça-feira,Ter,Dia Mundial do Chocolate,Dia Comemorativo,https://www.calendarr.com/portugal/dia-mundial-do-chocolate/
07/07/2026,2026-07-07,7,Julho,7,Terça-feira,Ter,Dia da Língua Suaíli,Dia Comemorativo,https://www.calendarr.com/portugal/dia-da-lingua-suaili/
08/07/2026,2026-07-08,8,Julho,7,Quarta-feira,Qua,Dia Mundial da Alergia,Dia Comemorativo,https://www.calendarr.com/portugal/dia-mundial-da-alergia/
08/07/2026,2026-07-08,8,Julho,7,Quarta-feira,Qua,Dia do Padeiro,Dia Comemorativo,https://www.calendarr.com/portugal/dia-do-padeiro/
09/07/2026,2026-07-09,9,Julho,7,Quinta-feira,Qui,Dia Mundial pelo Desarmamento,Dia Comemorativo,https://www.calendarr.com/portugal/dia-mundial-pelo-desarmamento/
09/07/2026,2026-07-09,9,Julho,7,Quinta-feira,Qui,Dia de Santa Paulina,Dia Comemorativo,https://www.calendarr.com/portugal/dia-de-santa-paulina/
10/07/2026,2026-07-10,10,Julho,7,Sexta-feira,Sex,Dia de Santo Olavo,Dia Comemorativo,https://www.calendarr.com/portugal/dia-de-santo-olavo/
10/07/2026,2026-07-10,10,Julho,7,Sexta-feira,Sex,Dia Mundial da Pizza,Dia Comemorativo,https://www.calendarr.com/portugal/dia-mundial-da-pizza/
11/07/2026,2026-07-11,11,Julho,7,Sábado,Sáb,Dia Mundial do Cavalo,Dia Comemorativo,
11/07/2026,2026-07-11,11,Julho,7,Sábado,Sáb,Dia Mundial da População,Dia Comemorativo,https://www.calendarr.com/portugal/dia-mundial-da-populacao/
11/07/2026,2026-07-11,11,Julho,7,Sábado,Sáb,Dia de São Bento,Dia Comemorativo,https://www.calendarr.com/portugal/dia-de-sao-bento/
12/07/2026,2026-07-12,12,Julho,7,Domingo,Dom,Dia Internacional da Esperança,Dia Comemorativo,
12/07/2026,2026-07-12,12,Julho,7,Domingo,Dom,Dia de Malala,Dia Comemorativo,https://www.calendarr.com/portugal/dia-de-malala/
12/07/2026,2026-07-12,12,Julho,7,Domingo,Dom,Dia do Engenheiro Florestal,Dia Comemorativo,https://www.calendarr.com/portugal/dia-do-engenheiro-florestal/
13/07/2026,2026-07-13,13,Julho,7,Segunda-feira,Seg,Dia Mundial do Rock,Dia Comemorativo,https://www.calendarr.com/portugal/dia-mundial-do-rock/
13/07/2026,2026-07-13,13,Julho,7,Segunda-feira,Seg,Dia de Santo Henrique,Dia Comemorativo,https://www.calendarr.com/portugal/dia-de-santo-henrique/
14/07/2026,2026-07-14,14,Julho,7,Terça-feira,Ter,Dia Internacional das Pessoas Não Binárias,Dia Comemorativo,
14/07/2026,2026-07-14,14,Julho,7,Terça-feira,Ter,Dia Mundial do Chimpanzé,Dia Comemorativo,
14/07/2026,2026-07-14,14,Julho,7,Terça-feira,Ter,Dia Mundial da Liberdade de Pensamento,Dia Comemorativo,https://www.calendarr.com/portugal/dia-mundial-da-liberdade-de-pensamento/
14/07/2026,2026-07-14,14,Julho,7,Terça-feira,Ter,Dia de São Camilo,Dia Comemorativo,https://www.calendarr.com/portugal/dia-de-sao-camilo/
15/07/2026,2026-07-15,15,Julho,7,Quarta-feira,Qua,Dia de São Boaventura,Dia Comemorativo,https://www.calendarr.com/portugal/dia-de-sao-boaventura/
15/07/2026,2026-07-15,15,Julho,7,Quarta-feira,Qua,Dia Mundial das Competências dos Jovens,Dia Comemorativo,https://www.calendarr.com/portugal/dia-mundial-das-competencias-dos-jovens/
16/07/2026,2026-07-16,16,Julho,7,Quinta-feira,Qui,Dia de Nossa Senhora do Carmo,Dia Comemorativo,https://www.calendarr.com/portugal/dia-de-nossa-senhora-do-carmo/
16/07/2026,2026-07-16,16,Julho,7,Quinta-feira,Qui,Dia Mundial da Cobra,Dia Comemorativo,https://www.calendarr.com/portugal/dia-mundial-da-cobra/
17/07/2026,2026-07-17,17,Julho,7,Sexta-feira,Sex,Dia Mundial do Emoji,Dia Comemorativo,
17/07/2026,2026-07-17,17,Julho,7,Sexta-feira,Sex,Dia Mundial da Justiça Internacional,Dia Comemorativo,https://www.calendarr.com/portugal/dia-mundial-da-justica-internacional/
17/07/2026,2026-07-17,17,Julho,7,Sexta-feira,Sex,Dia de Santa Marcelina,Dia Comemorativo,https://www.calendarr.com/portugal/dia-de-santa-marcelina/
18/07/2026,2026-07-18,18,Julho,7,Sábado,Sáb,Dia Mundial da Escuta,Dia Comemorativo,
18/07/2026,2026-07-18,18,Julho,7,Sábado,Sáb,Dia de São Francisco Solano,Dia Comemorativo,https://www.calendarr.com/portugal/dia-de-sao-francisco-solano/
18/07/2026,2026-07-18,18,Julho,7,Sábado,Sáb,Dia Internacional Nelson Mandela,Dia Comemorativo,https://www.calendarr.com/portugal/dia-internacional-nelson-mandela/
19/07/2026,2026-07-19,19,Julho,7,Domingo,Dom,Final do Mundial 2026,Dia Comemorativo,
19/07/2026,2026-07-19,19,Julho,7,Domingo,Dom,Dia de Santo Arsénio,Dia Comemorativo,https://www.calendarr.com/portugal/dia-de-santo-arsenio/
19/07/2026,2026-07-19,19,Julho,7,Domingo,Dom,Dia de Mostrar a Língua,Dia Comemorativo,https://www.calendarr.com/portugal/dia-de-mostrar-a-lingua/
20/07/2026,2026-07-20,20,Julho,7,Segunda-feira,Seg,Dia Nacional da Doação de Órgãos e da Transplantação,Dia Comemorativo,
20/07/2026,2026-07-20,20,Julho,7,Segunda-feira,Seg,Dia Internacional do Xadrez,Dia Comemorativo,
20/07/2026,2026-07-20,20,Julho,7,Segunda-feira,Seg,Dia Internacional da Lua,Dia Comemorativo,
20/07/2026,2026-07-20,20,Julho,7,Segunda-feira,Seg,Dia de Santo Aurélio,Dia Comemorativo,https://www.calendarr.com/portugal/dia-de-santo-aurelio/
20/07/2026,2026-07-20,20,Julho,7,Segunda-feira,Seg,Dia do Amigo,Dia Comemorativo,https://www.calendarr.com/portugal/dia-do-amigo/
20/07/2026,2026-07-20,20,Julho,7,Segunda-feira,Seg,Dia de Santo Elias,Dia Comemorativo,https://www.calendarr.com/portugal/dia-de-santo-elias/
21/07/2026,2026-07-21,21,Julho,7,Terça-feira,Ter,Dia de São Lourenço de Brindisi,Dia Comemorativo,https://www.calendarr.com/portugal/dia-de-sao-lourenco-de-brindisi/
21/07/2026,2026-07-21,21,Julho,7,Terça-feira,Ter,Dia da Comida Não Saudável,Dia Comemorativo,https://www.calendarr.com/portugal/dia-da-comida-nao-saudavel/
22/07/2026,2026-07-22,22,Julho,7,Quarta-feira,Qua,Dia Mundial do Cérebro,Dia Comemorativo,
22/07/2026,2026-07-22,22,Julho,7,Quarta-feira,Qua,Dia Internacional do Trabalho Doméstico Não Remunerado,Dia Comemorativo,
22/07/2026,2026-07-22,22,Julho,7,Quarta-feira,Qua,Dia da Aproximação de Pi,Dia Comemorativo,https://www.calendarr.com/portugal/dia-da-aproximacao-de-pi/
22/07/2026,2026-07-22,22,Julho,7,Quarta-feira,Qua,Dia de Santa Maria Madalena,Dia Comemorativo,https://www.calendarr.com/portugal/dia-de-santa-maria-madalena/
23/07/2026,2026-07-23,23,Julho,7,Quinta-feira,Qui,Dia do Alfaiate e da Modista,Dia Comemorativo,https://www.calendarr.com/portugal/dia-do-alfaiate-e-da-modista/
23/07/2026,2026-07-23,23,Julho,7,Quinta-feira,Qui,Dia de Santa Brígida,Dia Comemorativo,https://www.calendarr.com/portugal/dia-de-santa-brigida/
24/07/2026,2026-07-24,24,Julho,7,Sexta-feira,Sex,Dia Internacional do Autocuidado,Dia Comemorativo,
24/07/2026,2026-07-24,24,Julho,7,Sexta-feira,Sex,Dia dos Primos,Dia Comemorativo,https://www.calendarr.com/portugal/dia-dos-primos/
24/07/2026,2026-07-24,24,Julho,7,Sexta-feira,Sex,Dia de Santa Cristina,Dia Comemorativo,https://www.calendarr.com/portugal/dia-de-santa-cristina/
25/07/2026,2026-07-25,25,Julho,7,Sábado,Sáb,Dia Mundial de Prevenção do Afogamento,Dia Comemorativo,
25/07/2026,2026-07-25,25,Julho,7,Sábado,Sáb,Dia Internacional do Bem-estar Judicial,Dia Comemorativo,
25/07/2026,2026-07-25,25,Julho,7,Sábado,Sáb,Dia de Santiago,Dia Comemorativo,https://www.calendarr.com/portugal/dia-de-santiago/
25/07/2026,2026-07-25,25,Julho,7,Sábado,Sáb,Dia de São Cristóvão,Dia Comemorativo,https://www.calendarr.com/portugal/dia-de-sao-cristovao/
26/07/2026,2026-07-26,26,Julho,7,Domingo,Dom,Dia do Esperanto,Dia Comemorativo,https://www.calendarr.com/portugal/dia-do-esperanto/
26/07/2026,2026-07-26,26,Julho,7,Domingo,Dom,Dia de Santa Ana,Dia Comemorativo,https://www.calendarr.com/portugal/dia-de-santa-ana/
26/07/2026,2026-07-26,26,Julho,7,Domingo,Dom,Dia Mundial dos Avós,Dia Comemorativo,https://www.calendarr.com/portugal/dia-mundial-dos-avos/
27/07/2026,2026-07-27,27,Julho,7,Segunda-feira,Seg,Dia Mundial do Cancro da Cabeça e Pescoço,Dia Comemorativo,
27/07/2026,2026-07-27,27,Julho,7,Segunda-feira,Seg,Dia de Santa Natália,Dia Comemorativo,https://www.calendarr.com/portugal/dia-de-santa-natalia/
27/07/2026,2026-07-27,27,Julho,7,Segunda-feira,Seg,Dia de Levar as Plantas a Passear,Dia Comemorativo,https://www.calendarr.com/portugal/dia-de-levar-as-plantas-a-passear/
28/07/2026,2026-07-28,28,Julho,7,Terça-feira,Ter,Dia do Assistente Dentário,Dia Comemorativo,
28/07/2026,2026-07-28,28,Julho,7,Terça-feira,Ter,Dia Mundial da Conservação da Natureza,Dia Comemorativo,https://www.calendarr.com/portugal/dia-mundial-da-conservacao-da-natureza/
28/07/2026,2026-07-28,28,Julho,7,Terça-feira,Ter,Dia Mundial da Hepatite,Dia Comemorativo,https://www.calendarr.com/portugal/dia-mundial-da-hepatite/
28/07/2026,2026-07-28,28,Julho,7,Terça-feira,Ter,Dia de São Vítor I,Dia Comemorativo,https://www.calendarr.com/portugal/dia-de-sao-vitor-i/
29/07/2026,2026-07-29,29,Julho,7,Quarta-feira,Qua,Dia Mundial da Lasanha,Dia Comemorativo,
29/07/2026,2026-07-29,29,Julho,7,Quarta-feira,Qua,Dia Internacional do Tigre,Dia Comemorativo,https://www.calendarr.com/portugal/dia-internacional-do-tigre/
29/07/2026,2026-07-29,29,Julho,7,Quarta-feira,Qua,Dia de Santa Marta,Dia Comemorativo,https://www.calendarr.com/portugal/dia-de-santa-marta/
30/07/2026,2026-07-30,30,Julho,7,Quinta-feira,Qui,Dia Mundial contra o Tráfico de Pessoas,Dia Comemorativo,
30/07/2026,2026-07-30,30,Julho,7,Quinta-feira,Qui,Dia Mundial do Bordado,Dia Comemorativo,
30/07/2026,2026-07-30,30,Julho,7,Quinta-feira,Qui,Dia Internacional do Amigo,Dia Comemorativo,https://www.calendarr.com/portugal/dia-internacional-do-amigo/
30/07/2026,2026-07-30,30,Julho,7,Quinta-feira,Qui,Dia de São Pedro Crisólogo,Dia Comemorativo,https://www.calendarr.com/portugal/dia-de-sao-pedro-crisologo/
31/07/2026,2026-07-31,31,Julho,7,Sexta-feira,Sex,Dia Internacional das Mulheres Africanas,Dia Comemorativo,
31/07/2026,2026-07-31,31,Julho,7,Sexta-feira,Sex,Dia de Santo Inácio de Loyola,Dia Comemorativo,https://www.calendarr.com/portugal/dia-de-santo-inacio-de-loyola/
31/07/2026,2026-07-31,31,Julho,7,Sexta-feira,Sex,Dia Mundial do Vigilante da Natureza,Dia Comemorativo,https://www.calendarr.com/portugal/dia-mundial-do-vigilante-da-natureza/
31/07/2026,2026-07-31,31,Julho,7,Sexta-feira,Sex,Dia do Administrador de Sistemas,Dia Comemorativo,https://www.calendarr.com/portugal/dia-do-administrador-de-sistemas/
01/08/2026,2026-08-01,1,Agosto,8,Sábado,Sáb,Dia Mundial do Cancro do Pulmão,Dia Comemorativo,
01/08/2026,2026-08-01,1,Agosto,8,Sábado,Sáb,Dia de Santo Afonso de Ligório,Dia Comemorativo,https://www.calendarr.com/portugal/dia-de-santo-afonso-de-ligorio/
01/08/2026,2026-08-01,1,Agosto,8,Sábado,Sáb,Dia Mundial da Amamentação,Dia Comemorativo,https://www.calendarr.com/portugal/dia-mundial-da-amamentacao/
02/08/2026,2026-08-02,2,Agosto,8,Domingo,Dom,Dia do Livro de Colorir,Dia Comemorativo,https://www.calendarr.com/portugal/dia-do-livro-de-colorir/
02/08/2026,2026-08-02,2,Agosto,8,Domingo,Dom,Dia de São Pedro Julião Eymard,Dia Comemorativo,https://www.calendarr.com/portugal/dia-de-sao-pedro-juliao-eymard/
03/08/2026,2026-08-03,3,Agosto,8,Segunda-feira,Seg,Dia de São Nicodemos,Dia Comemorativo,https://www.calendarr.com/portugal/dia-de-sao-nicodemos/
03/08/2026,2026-08-03,3,Agosto,8,Segunda-feira,Seg,Dia de Santa Lídia,Dia Comemorativo,https://www.calendarr.com/portugal/dia-de-santa-lidia/
04/08/2026,2026-08-04,4,Agosto,8,Terça-feira,Ter,Dia de São João Maria Vianney,Dia Comemorativo,https://www.calendarr.com/portugal/dia-de-sao-joao-maria-vianney/
04/08/2026,2026-08-04,4,Agosto,8,Terça-feira,Ter,Dia da Cookie,Dia Comemorativo,https://www.calendarr.com/portugal/dia-da-cookie/
05/08/2026,2026-08-05,5,Agosto,8,Quarta-feira,Qua,Dia de Nossa Senhora das Neves,Dia Comemorativo,https://www.calendarr.com/portugal/dia-de-nossa-senhora-das-neves/
05/08/2026,2026-08-05,5,Agosto,8,Quarta-feira,Qua,Dia da Ostra,Dia Comemorativo,https://www.calendarr.com/portugal/dia-da-ostra/
06/08/2026,2026-08-06,6,Agosto,8,Quinta-feira,Qui,Dia Internacional de Consciencialização sobre as Necessidades e Desafios Especiais de Desenvolvimento dos Países em Desenvolvimento Sem Litoral,Dia Comemorativo,
06/08/2026,2026-08-06,6,Agosto,8,Quinta-feira,Qui,Dia da Transfiguração do Senhor,Dia Comemorativo,https://www.calendarr.com/portugal/dia-da-transfiguracao-do-senhor/
06/08/2026,2026-08-06,6,Agosto,8,Quinta-feira,Qui,Dia de Hiroshima,Dia Comemorativo,https://www.calendarr.com/portugal/dia-de-hiroshima/
07/08/2026,2026-08-07,7,Agosto,8,Sexta-feira,Sex,Dia Internacional da Cerveja,Dia Comemorativo,https://www.calendarr.com/portugal/dia-internacional-da-cerveja/
07/08/2026,2026-08-07,7,Agosto,8,Sexta-feira,Sex,Dia de São Caetano,Dia Comemorativo,https://www.calendarr.com/portugal/dia-de-sao-caetano/
07/08/2026,2026-08-07,7,Agosto,8,Sexta-feira,Sex,Dia de Santa Afra,Dia Comemorativo,https://www.calendarr.com/portugal/dia-de-santa-afra/
08/08/2026,2026-08-08,8,Agosto,8,Sábado,Sáb,Dia Mundial do Gato,Dia Comemorativo,https://www.calendarr.com/portugal/dia-mundial-do-gato/
08/08/2026,2026-08-08,8,Agosto,8,Sábado,Sáb,Dia de São Domingos de Gusmão,Dia Comemorativo,https://www.calendarr.com/portugal/dia-de-sao-domingos-de-gusmao/
09/08/2026,2026-08-09,9,Agosto,8,Domingo,Dom,Dia Internacional do Coworking,Dia Comemorativo,
09/08/2026,2026-08-09,9,Agosto,8,Domingo,Dom,Dia Internacional dos Povos Indígenas,Dia Comemorativo,https://www.calendarr.com/portugal/dia-internacional-dos-povos-indigenas/
09/08/2026,2026-08-09,9,Agosto,8,Domingo,Dom,Dia de São Fábio,Dia Comemorativo,https://www.calendarr.com/portugal/dia-de-sao-fabio/
10/08/2026,2026-08-10,10,Agosto,8,Segunda-feira,Seg,Dia Mundial do Leão,Dia Comemorativo,https://www.calendarr.com/portugal/dia-mundial-do-leao/
10/08/2026,2026-08-10,10,Agosto,8,Segunda-feira,Seg,Dia de São Lourenço,Dia Comemorativo,https://www.calendarr.com/portugal/dia-de-sao-lourenco/
10/08/2026,2026-08-10,10,Agosto,8,Segunda-feira,Seg,Dia de Santa Filomena,Dia Comemorativo,https://www.calendarr.com/portugal/dia-de-santa-filomena/
11/08/2026,2026-08-11,11,Agosto,8,Terça-feira,Ter,Dia Mundial do Tambor de Metal,Dia Comemorativo,
11/08/2026,2026-08-11,11,Agosto,8,Terça-feira,Ter,Dia de Santa Clara,Dia Comemorativo,https://www.calendarr.com/portugal/dia-de-santa-clara/
11/08/2026,2026-08-11,11,Agosto,8,Terça-feira,Ter,Dia de Brincar na Areia,Dia Comemorativo,https://www.calendarr.com/portugal/dia-de-brincar-na-areia/
12/08/2026,2026-08-12,12,Agosto,8,Quarta-feira,Qua,2º Eclipse Solar de 2026 - Eclipse Total (visível em Portugal),Dia Comemorativo,
12/08/2026,2026-08-12,12,Agosto,8,Quarta-feira,Qua,Dia Internacional da Juventude,Dia Comemorativo,https://www.calendarr.com/portugal/dia-internacional-da-juventude/
12/08/2026,2026-08-12,12,Agosto,8,Quarta-feira,Qua,Dia do Filho do Meio,Dia Comemorativo,https://www.calendarr.com/portugal/dia-do-filho-do-meio/
12/08/2026,2026-08-12,12,Agosto,8,Quarta-feira,Qua,Dia Mundial do Elefante,Dia Comemorativo,https://www.calendarr.com/portugal/dia-mundial-do-elefante/
12/08/2026,2026-08-12,12,Agosto,8,Quarta-feira,Qua,Dia de Santa Hilária,Dia Comemorativo,https://www.calendarr.com/portugal/dia-de-santa-hilaria/
13/08/2026,2026-08-13,13,Agosto,8,Quinta-feira,Qui,Dia Mundial do Canhoto,Dia Curioso,https://www.calendarr.com/portugal/dia-mundial-do-canhoto/
13/08/2026,2026-08-13,13,Agosto,8,Quinta-feira,Qui,Dia de São Ponciano,Dia Comemorativo,https://www.calendarr.com/portugal/dia-de-sao-ponciano/
13/08/2026,2026-08-13,13,Agosto,8,Quinta-feira,Qui,Dia de Santo Hipólito,Dia Comemorativo,https://www.calendarr.com/portugal/dia-de-santo-hipolito/
14/08/2026,2026-08-14,14,Agosto,8,Sexta-feira,Sex,Dia de São Maximiliano,Dia Comemorativo,https://www.calendarr.com/portugal/dia-de-sao-maximiliano/
14/08/2026,2026-08-14,14,Agosto,8,Sexta-feira,Sex,Dia Mundial do Lagarto,Dia Comemorativo,
15/08/2026,2026-08-15,15,Agosto,8,Sábado,Sáb,Assunção de Nossa Senhora,Feriado Nacional,https://www.calendarr.com/portugal/assuncao-de-nossa-senhora/
15/08/2026,2026-08-15,15,Agosto,8,Sábado,Sáb,Dia de São Tarcísio,Dia Comemorativo,https://www.calendarr.com/portugal/dia-de-sao-tarcisio/
15/08/2026,2026-08-15,15,Agosto,8,Sábado,Sáb,Dia Internacional do Animal Abandonado,Dia Comemorativo,https://www.calendarr.com/portugal/dia-internacional-do-animal-abandonado/
16/08/2026,2026-08-16,16,Agosto,8,Domingo,Dom,Dia de São Roque,Dia Comemorativo,https://www.calendarr.com/portugal/dia-de-sao-roque/
16/08/2026,2026-08-16,16,Agosto,8,Domingo,Dom,Dia de Contar uma Piada,Dia Comemorativo,
17/08/2026,2026-08-17,17,Agosto,8,Segunda-feira,Seg,Dia do Gato Preto,Dia Comemorativo,https://www.calendarr.com/portugal/dia-do-gato-preto/
17/08/2026,2026-08-17,17,Agosto,8,Segunda-feira,Seg,Dia de Santa Beatriz da Silva,Dia Comemorativo,https://www.calendarr.com/portugal/dia-de-santa-beatriz-da-silva/
18/08/2026,2026-08-18,18,Agosto,8,Terça-feira,Ter,Dia de Santa Helena,Dia Comemorativo,https://www.calendarr.com/portugal/dia-de-santa-helena/
18/08/2026,2026-08-18,18,Agosto,8,Terça-feira,Ter,Dia Mundial de Prevenção de Incêndios Florestais,Dia Comemorativo,
19/08/2026,2026-08-19,19,Agosto,8,Quarta-feira,Qua,Dia Mundial Humanitário,Dia Comemorativo,https://www.calendarr.com/portugal/dia-mundial-humanitario/
19/08/2026,2026-08-19,19,Agosto,8,Quarta-feira,Qua,Dia de São João Eudes,Dia Comemorativo,https://www.calendarr.com/portugal/dia-de-sao-joao-eudes/
19/08/2026,2026-08-19,19,Agosto,8,Quarta-feira,Qua,Dia Mundial da Fotografia,Dia Comemorativo,https://www.calendarr.com/portugal/dia-mundial-da-fotografia/
20/08/2026,2026-08-20,20,Agosto,8,Quinta-feira,Qui,Dia Mundial do Mosquito,Dia Comemorativo,https://www.calendarr.com/portugal/dia-mundial-do-mosquito/
20/08/2026,2026-08-20,20,Agosto,8,Quinta-feira,Qui,Dia de São Bernardo,Dia Comemorativo,https://www.calendarr.com/portugal/dia-de-sao-bernardo/
21/08/2026,2026-08-21,21,Agosto,8,Sexta-feira,Sex,Dia de São Pio X,Dia Comemorativo,https://www.calendarr.com/portugal/dia-de-sao-pio-x/
21/08/2026,2026-08-21,21,Agosto,8,Sexta-feira,Sex,Dia Internacional da Lembrança e do Tributo às Vítimas do Terrorismo,Dia Comemorativo,
22/08/2026,2026-08-22,22,Agosto,8,Sábado,Sáb,Dia de Nossa Senhora Rainha,Dia Comemorativo,https://www.calendarr.com/portugal/dia-de-nossa-senhora-rainha/
22/08/2026,2026-08-22,22,Agosto,8,Sábado,Sáb,Dia Internacional de Homenagem às Vítimas dos Atos de Violência Baseada na Religião ou Crença,Dia Comemorativo,
23/08/2026,2026-08-23,23,Agosto,8,Domingo,Dom,Dia de Santa Rosa de Lima,Dia Comemorativo,https://www.calendarr.com/portugal/dia-de-santa-rosa-de-lima/
23/08/2026,2026-08-23,23,Agosto,8,Domingo,Dom,Dia Europeu da Memória das Vítimas do Estalinismo e do Nazismo,Dia Comemorativo,https://www.calendarr.com/portugal/dia-europeu-da-memoria-das-vitimas-do-estalinismo-e-do-nazismo/
23/08/2026,2026-08-23,23,Agosto,8,Domingo,Dom,Dia Internacional de Lembrança do Tráfico de Escravos e sua Abolição,Dia Comemorativo,https://www.calendarr.com/portugal/dia-internacional-de-lembranca-do-trafico-de-escravos-e-sua-abolicao/
24/08/2026,2026-08-24,24,Agosto,8,Segunda-feira,Seg,Dia Internacional da Música Estranha,Dia Curioso,https://www.calendarr.com/portugal/dia-internacional-da-musica-estranha/
24/08/2026,2026-08-24,24,Agosto,8,Segunda-feira,Seg,Dia de São Bartolomeu,Dia Comemorativo,https://www.calendarr.com/portugal/dia-de-sao-bartolomeu/
24/08/2026,2026-08-24,24,Agosto,8,Segunda-feira,Seg,Dia do Artista,Dia Comemorativo,https://www.calendarr.com/portugal/dia-do-artista/
25/08/2026,2026-08-25,25,Agosto,8,Terça-feira,Ter,Dia de Santa Patrícia,Dia Comemorativo,https://www.calendarr.com/portugal/dia-de-santa-patricia/
25/08/2026,2026-08-25,25,Agosto,8,Terça-feira,Ter,Dia de Santa Hermínia,Dia Comemorativo,https://www.calendarr.com/portugal/dia-de-santa-herminia/
26/08/2026,2026-08-26,26,Agosto,8,Quarta-feira,Qua,Dia de São Zeferino,Dia Comemorativo,https://www.calendarr.com/portugal/dia-de-sao-zeferino/
26/08/2026,2026-08-26,26,Agosto,8,Quarta-feira,Qua,Dia Internacional da Igualdade Feminina,Dia Comemorativo,https://www.calendarr.com/portugal/dia-internacional-da-igualdade-feminina/
26/08/2026,2026-08-26,26,Agosto,8,Quarta-feira,Qua,Dia do Cão,Dia Comemorativo,https://www.calendarr.com/portugal/dia-do-cao/
26/08/2026,2026-08-26,26,Agosto,8,Quarta-feira,Qua,Dia da Tomatina,Dia Comemorativo,https://www.calendarr.com/portugal/dia-da-tomatina/
27/08/2026,2026-08-27,27,Agosto,8,Quinta-feira,Qui,Dia de Santa Mónica,Dia Comemorativo,https://www.calendarr.com/portugal/dia-de-santa-monica/
27/08/2026,2026-08-27,27,Agosto,8,Quinta-feira,Qui,Dia Mundial dos Lagos,Dia Comemorativo,
28/08/2026,2026-08-28,28,Agosto,8,Sexta-feira,Sex,Dia de Santo Agostinho de Hipona,Dia Comemorativo,https://www.calendarr.com/portugal/dia-de-santo-agostinho-de-hipona/
28/08/2026,2026-08-28,28,Agosto,8,Sexta-feira,Sex,"Dia de São Moisés, o Etíope",Dia Comemorativo,https://www.calendarr.com/portugal/dia-de-sao-moises-o-etiope/
28/08/2026,2026-08-28,28,Agosto,8,Sexta-feira,Sex,2º Eclipse Lunar de 2026 - Eclipse Parcial (visível em Portugal),Dia Comemorativo,
29/08/2026,2026-08-29,29,Agosto,8,Sábado,Sáb,Dia Internacional contra Testes Nucleares,Dia Comemorativo,https://www.calendarr.com/portugal/dia-internacional-contra-testes-nucleares/
29/08/2026,2026-08-29,29,Agosto,8,Sábado,Sáb,Dia do Martírio de São João Batista,Dia Comemorativo,https://www.calendarr.com/portugal/dia-do-martirio-de-sao-joao-batista/
29/08/2026,2026-08-29,29,Agosto,8,Sábado,Sáb,Dia Internacional do Gamer,Dia Comemorativo,
30/08/2026,2026-08-30,30,Agosto,8,Domingo,Dom,Dia Internacional do Tubarão-Baleia,Dia Comemorativo,https://www.calendarr.com/portugal/dia-internacional-do-tubarao-baleia/
30/08/2026,2026-08-30,30,Agosto,8,Domingo,Dom,Dia Internacional das Vítimas de Desaparecimentos Forçados,Dia Comemorativo,https://www.calendarr.com/portugal/dia-internacional-das-vitimas-de-desaparecimentos-forcados/
30/08/2026,2026-08-30,30,Agosto,8,Domingo,Dom,Dia de São Cesário de Arles,Dia Comemorativo,https://www.calendarr.com/portugal/dia-de-sao-cesario-de-arles/
31/08/2026,2026-08-31,31,Agosto,8,Segunda-feira,Seg,Dia de São Raimundo,Dia Comemorativo,https://www.calendarr.com/portugal/dia-de-sao-raimundo/
31/08/2026,2026-08-31,31,Agosto,8,Segunda-feira,Seg,Dia Internacional de Sensibilização para as Overdoses,Dia Comemorativo,
31/08/2026,2026-08-31,31,Agosto,8,Segunda-feira,Seg,Dia Internacional das Pessoas Afrodescendentes,Dia Comemorativo,
01/09/2026,2026-09-01,1,Setembro,9,Terça-feira,Ter,Dia de São Josué,Dia Comemorativo,https://www.calendarr.com/portugal/dia-de-sao-josue/
01/09/2026,2026-09-01,1,Setembro,9,Terça-feira,Ter,Dia Mundial de Oração pelo Cuidado da Criação,Dia Comemorativo,
02/09/2026,2026-09-02,2,Setembro,9,Quarta-feira,Qua,Dia de São Agricola de Avignon,Dia Comemorativo,https://www.calendarr.com/portugal/dia-de-sao-agricola-de-avignon/
03/09/2026,2026-09-03,3,Setembro,9,Quinta-feira,Qui,Dia de São Gregório,Dia Comemorativo,https://www.calendarr.com/portugal/dia-de-sao-gregorio/
04/09/2026,2026-09-04,4,Setembro,9,Sexta-feira,Sex,Dia de Santa Rosália,Dia Comemorativo,https://www.calendarr.com/portugal/dia-de-santa-rosalia/
04/09/2026,2026-09-04,4,Setembro,9,Sexta-feira,Sex,Dia de São Moisés,Dia Comemorativo,https://www.calendarr.com/portugal/dia-de-sao-moises/
04/09/2026,2026-09-04,4,Setembro,9,Sexta-feira,Sex,Dia Nacional do Psicólogo,Dia Comemorativo,
04/09/2026,2026-09-04,4,Setembro,9,Sexta-feira,Sex,Dia Mundial da Saúde Sexual,Dia Comemorativo,
05/09/2026,2026-09-05,5,Setembro,9,Sábado,Sáb,Dia de Santo Herculano,Dia Comemorativo,https://www.calendarr.com/portugal/dia-de-santo-herculano/
05/09/2026,2026-09-05,5,Setembro,9,Sábado,Sáb,Dia Mundial da Barba,Dia Comemorativo,https://www.calendarr.com/portugal/dia-mundial-da-barba/
05/09/2026,2026-09-05,5,Setembro,9,Sábado,Sáb,Dia Internacional da Caridade,Dia Comemorativo,https://www.calendarr.com/portugal/dia-internacional-da-caridade/
05/09/2026,2026-09-05,5,Setembro,9,Sábado,Sáb,Dia Internacional do Abutre,Dia Comemorativo,https://www.calendarr.com/portugal/dia-internacional-do-abutre/
05/09/2026,2026-09-05,5,Setembro,9,Sábado,Sáb,Dia de Madre Teresa de Calcutá,Dia Comemorativo,https://www.calendarr.com/portugal/dia-de-madre-teresa-de-calcuta/
05/09/2026,2026-09-05,5,Setembro,9,Sábado,Sáb,Dia Internacional das Lesões da Coluna Vertebral,Dia Comemorativo,
05/09/2026,2026-09-05,5,Setembro,9,Sábado,Sáb,Dia Internacional da Mulher Indígena,Dia Comemorativo,
06/09/2026,2026-09-06,6,Setembro,9,Domingo,Dom,"Dia de São Zacarias, profeta",Dia Comemorativo,
07/09/2026,2026-09-07,7,Setembro,9,Segunda-feira,Seg,Dia de Santa Regina,Dia Comemorativo,https://www.calendarr.com/portugal/dia-de-santa-regina/
07/09/2026,2026-09-07,7,Setembro,9,Segunda-feira,Seg,Dia Internacional do Ar Limpo para o Céu Azul,Dia Comemorativo,
07/09/2026,2026-09-07,7,Setembro,9,Segunda-feira,Seg,Dia Mundial de Consciencialização sobre a Distrofia Muscular de Duchenne,Dia Comemorativo,
07/09/2026,2026-09-07,7,Setembro,9,Segunda-feira,Seg,Dia Internacional da Cooperação Policial,Dia Comemorativo,
08/09/2026,2026-09-08,8,Setembro,9,Terça-feira,Ter,Dia Internacional da Literacia,Dia Comemorativo,https://www.calendarr.com/portugal/dia-internacional-da-literacia/
08/09/2026,2026-09-08,8,Setembro,9,Terça-feira,Ter,Dia Mundial da Fisioterapia,Dia Comemorativo,https://www.calendarr.com/portugal/dia-mundial-da-fisioterapia/
08/09/2026,2026-09-08,8,Setembro,9,Terça-feira,Ter,Dia de São Adriano,Dia Comemorativo,https://www.calendarr.com/portugal/dia-de-sao-adriano/
08/09/2026,2026-09-08,8,Setembro,9,Terça-feira,Ter,Dia de Natividade de Nossa Senhora,Dia Comemorativo,https://www.calendarr.com/portugal/dia-de-natividade-de-nossa-senhora/
08/09/2026,2026-09-08,8,Setembro,9,Terça-feira,Ter,Dia de Nossa Senhora da Penha,Dia Comemorativo,https://www.calendarr.com/portugal/dia-de-nossa-senhora-da-penha/
08/09/2026,2026-09-08,8,Setembro,9,Terça-feira,Ter,Dia Internacional da Alfabetização,Dia Comemorativo,
09/09/2026,2026-09-09,9,Setembro,9,Quarta-feira,Qua,Dia de São Pedro Claver,Dia Comemorativo,https://www.calendarr.com/portugal/dia-de-sao-pedro-claver/
09/09/2026,2026-09-09,9,Setembro,9,Quarta-feira,Qua,Dia da Grávida,Dia Comemorativo,https://www.calendarr.com/portugal/dia-da-gravida/
09/09/2026,2026-09-09,9,Setembro,9,Quarta-feira,Qua,Dia Internacional para Proteger a Educação de Ataques,Dia Comemorativo,
09/09/2026,2026-09-09,9,Setembro,9,Quarta-feira,Qua,Dia Internacional do Sudoku,Dia Comemorativo,
10/09/2026,2026-09-10,10,Setembro,9,Quinta-feira,Qui,Dia Mundial da Prevenção do Suicídio,Dia Comemorativo,https://www.calendarr.com/portugal/dia-mundial-da-prevencao-do-suicidio/
11/09/2026,2026-09-11,11,Setembro,9,Sexta-feira,Sex,Dia Nacional do Bombeiro Profissional,Dia Comemorativo,https://www.calendarr.com/portugal/dia-nacional-do-bombeiro-profissional/
11/09/2026,2026-09-11,11,Setembro,9,Sexta-feira,Sex,Dia Nacional das Casas do Povo,Dia Comemorativo,https://www.calendarr.com/portugal/dia-nacional-das-casas-do-povo/
12/09/2026,2026-09-12,12,Setembro,9,Sábado,Sáb,Dia de São Guido,Dia Comemorativo,https://www.calendarr.com/portugal/dia-de-sao-guido/
12/09/2026,2026-09-12,12,Setembro,9,Sábado,Sáb,Dia das Nações Unidas para a Cooperação Sul-Sul,Dia Comemorativo,https://www.calendarr.com/portugal/dia-das-nacoes-unidas-para-a-cooperacao-sul-sul/
12/09/2026,2026-09-12,12,Setembro,9,Sábado,Sáb,Dia Europeu da Enxaqueca,Dia Comemorativo,
13/09/2026,2026-09-13,13,Setembro,9,Domingo,Dom,Dia do Programador,Dia Comemorativo,https://www.calendarr.com/portugal/dia-do-programador/
13/09/2026,2026-09-13,13,Setembro,9,Domingo,Dom,Dia de São João Crisóstomo,Dia Comemorativo,https://www.calendarr.com/portugal/dia-de-sao-joao-crisostomo/
13/09/2026,2026-09-13,13,Setembro,9,Domingo,Dom,Dia Mundial da Sepsis,Dia Comemorativo,
13/09/2026,2026-09-13,13,Setembro,9,Domingo,Dom,Dia Internacional do Agrônomo,Dia Comemorativo,
14/09/2026,2026-09-14,14,Setembro,9,Segunda-feira,Seg,Dia da Santa Cruz,Dia Comemorativo,https://www.calendarr.com/portugal/dia-da-santa-cruz/
15/09/2026,2026-09-15,15,Setembro,9,Terça-feira,Ter,Dia Internacional da Democracia,Dia Comemorativo,https://www.calendarr.com/portugal/dia-internacional-da-democracia/
15/09/2026,2026-09-15,15,Setembro,9,Terça-feira,Ter,Dia Internacional do Ponto,Dia Comemorativo,https://www.calendarr.com/portugal/dia-internacional-do-ponto/
15/09/2026,2026-09-15,15,Setembro,9,Terça-feira,Ter,Dia de Nossa Senhora das Dores,Dia Comemorativo,https://www.calendarr.com/portugal/dia-de-nossa-senhora-das-dores/
15/09/2026,2026-09-15,15,Setembro,9,Terça-feira,Ter,Dia Mundial do Linfoma,Dia Comemorativo,
15/09/2026,2026-09-15,15,Setembro,9,Terça-feira,Ter,Dia do Serviço Nacional de Saúde,Dia Comemorativo,
16/09/2026,2026-09-16,16,Setembro,9,Quarta-feira,Qua,Dia Mundial para a Preservação da Camada do Ozono,Dia Comemorativo,https://www.calendarr.com/portugal/dia-mundial-para-a-preservacao-da-camada-do-ozono/
16/09/2026,2026-09-16,16,Setembro,9,Quarta-feira,Qua,Dia de São Cipriano,Dia Comemorativo,https://www.calendarr.com/portugal/dia-de-sao-cipriano/
16/09/2026,2026-09-16,16,Setembro,9,Quarta-feira,Qua,Dia de Santa Eufémia,Dia Comemorativo,https://www.calendarr.com/portugal/dia-de-santa-eufemia/
16/09/2026,2026-09-16,16,Setembro,9,Quarta-feira,Qua,Dia Internacional da Cardiologia Intervencionista,Dia Comemorativo,
16/09/2026,2026-09-16,16,Setembro,9,Quarta-feira,Qua,"Dia Internacional da Ciência, Tecnologia e Inovação para o Sul",Dia Comemorativo,
17/09/2026,2026-09-17,17,Setembro,9,Quinta-feira,Qui,Dia Internacional da Música Country,Dia Comemorativo,https://www.calendarr.com/portugal/dia-internacional-da-musica-country/
17/09/2026,2026-09-17,17,Setembro,9,Quinta-feira,Qui,Dia de Santa Adriana,Dia Comemorativo,https://www.calendarr.com/portugal/dia-de-santa-adriana/
17/09/2026,2026-09-17,17,Setembro,9,Quinta-feira,Qui,Dia de São Roberto,Dia Comemorativo,https://www.calendarr.com/portugal/dia-de-sao-roberto/
17/09/2026,2026-09-17,17,Setembro,9,Quinta-feira,Qui,Dia Mundial da Segurança do Doente,Dia Comemorativo,
17/09/2026,2026-09-17,17,Setembro,9,Quinta-feira,Qui,Dia da Língua Mirandesa,Dia Comemorativo,
18/09/2026,2026-09-18,18,Setembro,9,Sexta-feira,Sex,Dia de São José de Cupertino,Dia Comemorativo,https://www.calendarr.com/portugal/dia-de-sao-jose-de-cupertino/
18/09/2026,2026-09-18,18,Setembro,9,Sexta-feira,Sex,Dia Internacional da Igualdade Salarial,Dia Comemorativo,
18/09/2026,2026-09-18,18,Setembro,9,Sexta-feira,Sex,Dia Internacional da Grenache,Dia Comemorativo,https://www.calendarr.com/portugal/dia-internacional-da-grenache/
18/09/2026,2026-09-18,18,Setembro,9,Sexta-feira,Sex,Dia Mundial da Monitorização da Água,Dia Comemorativo,https://www.calendarr.com/portugal/dia-mundial-da-monitorizacao-da-agua/
19/09/2026,2026-09-19,19,Setembro,9,Sábado,Sáb,Dia Internacional de Falar como um Pirata,Dia Curioso,https://www.calendarr.com/portugal/dia-internacional-de-falar-como-um-pirata/
19/09/2026,2026-09-19,19,Setembro,9,Sábado,Sáb,Dia de São Januário,Dia Comemorativo,https://www.calendarr.com/portugal/dia-de-sao-januario/
19/09/2026,2026-09-19,19,Setembro,9,Sábado,Sáb,Dia do Software Livre,Dia Comemorativo,https://www.calendarr.com/portugal/dia-do-software-livre/
19/09/2026,2026-09-19,19,Setembro,9,Sábado,Sáb,Dia Internacional da Limpeza Costeira,Dia Comemorativo,https://www.calendarr.com/portugal/dia-internacional-da-limpeza-costeira/
19/09/2026,2026-09-19,19,Setembro,9,Sábado,Sáb,Dia Internacional do Panda Vermelho,Dia Comemorativo,https://www.calendarr.com/portugal/dia-internacional-do-panda-vermelho/
19/09/2026,2026-09-19,19,Setembro,9,Sábado,Sáb,Dia Mundial do Dador de Medula Óssea,Dia Comemorativo,
20/09/2026,2026-09-20,20,Setembro,9,Domingo,Dom,Dia de Santo André Kim Taegon,Dia Comemorativo,https://www.calendarr.com/portugal/dia-de-santo-andre-kim-taegon/
20/09/2026,2026-09-20,20,Setembro,9,Domingo,Dom,Dia de Yom Kipur,Dia Comemorativo,https://www.calendarr.com/portugal/dia-de-yom-kipur/
20/09/2026,2026-09-20,20,Setembro,9,Domingo,Dom,Dia Mundial da Limpeza,Dia Comemorativo,
21/09/2026,2026-09-21,21,Setembro,9,Segunda-feira,Seg,Dia Internacional da Paz,Dia Comemorativo,https://www.calendarr.com/portugal/dia-internacional-da-paz/
21/09/2026,2026-09-21,21,Setembro,9,Segunda-feira,Seg,Dia Mundial da Doença de Alzheimer,Dia Comemorativo,https://www.calendarr.com/portugal/dia-mundial-da-doenca-de-alzheimer/
21/09/2026,2026-09-21,21,Setembro,9,Segunda-feira,Seg,Dia Mundial da Gratidão,Dia Comemorativo,https://www.calendarr.com/portugal/dia-mundial-da-gratidao/
21/09/2026,2026-09-21,21,Setembro,9,Segunda-feira,Seg,Dia de São Mateus,Dia Comemorativo,https://www.calendarr.com/portugal/dia-de-sao-mateus/
21/09/2026,2026-09-21,21,Setembro,9,Segunda-feira,Seg,Dia Internacional do Minigolfe,Dia Comemorativo,https://www.calendarr.com/portugal/dia-internacional-do-minigolfe/
21/09/2026,2026-09-21,21,Setembro,9,Segunda-feira,Seg,Dia Nacional da Guarda Fiscal,Dia Comemorativo,https://www.calendarr.com/portugal/dia-nacional-da-guarda-fiscal/
22/09/2026,2026-09-22,22,Setembro,9,Terça-feira,Ter,Dia Europeu Sem Carros,Dia Comemorativo,https://www.calendarr.com/portugal/dia-europeu-sem-carros/
22/09/2026,2026-09-22,22,Setembro,9,Terça-feira,Ter,Dia de São Maurício,Dia Comemorativo,https://www.calendarr.com/portugal/dia-de-sao-mauricio/
22/09/2026,2026-09-22,22,Setembro,9,Terça-feira,Ter,Dia Mundial da Leucemia Mieloide Crônica,Dia Comemorativo,
22/09/2026,2026-09-22,22,Setembro,9,Terça-feira,Ter,Dia Mundial do Rinoceronte,Dia Comemorativo,
23/09/2026,2026-09-23,23,Setembro,9,Quarta-feira,Qua,Início do Outono,Outro,https://www.calendarr.com/portugal/inicio-do-outono/
23/09/2026,2026-09-23,23,Setembro,9,Quarta-feira,Qua,Dia da Síndrome das Pernas Inquietas,Dia Comemorativo,https://www.calendarr.com/portugal/dia-da-sindrome-das-pernas-inquietas/
23/09/2026,2026-09-23,23,Setembro,9,Quarta-feira,Qua,Dia de Santa Tecla,Dia Comemorativo,https://www.calendarr.com/portugal/dia-de-santa-tecla/
23/09/2026,2026-09-23,23,Setembro,9,Quarta-feira,Qua,Dia Mundial das Línguas Gestuais,Dia Comemorativo,
23/09/2026,2026-09-23,23,Setembro,9,Quarta-feira,Qua,Dia Biológico da UE,Dia Comemorativo,
23/09/2026,2026-09-23,23,Setembro,9,Quarta-feira,Qua,Dia Internacional das Línguas de Sinais,Dia Comemorativo,
23/09/2026,2026-09-23,23,Setembro,9,Quarta-feira,Qua,Equinócio de Outono,Dia Comemorativo,https://www.calendarr.com/portugal/equinocio-de-outono/
24/09/2026,2026-09-24,24,Setembro,9,Quinta-feira,Qui,Dia Marítimo Mundial,Dia Comemorativo,https://www.calendarr.com/portugal/dia-maritimo-mundial/
25/09/2026,2026-09-25,25,Setembro,9,Sexta-feira,Sex,Dia Internacional do Farmacêutico,Dia Comemorativo,https://www.calendarr.com/portugal/dia-internacional-do-farmaceutico/
25/09/2026,2026-09-25,25,Setembro,9,Sexta-feira,Sex,Dia Mundial do Sonho,Dia Comemorativo,https://www.calendarr.com/portugal/dia-mundial-do-sonho/
25/09/2026,2026-09-25,25,Setembro,9,Sexta-feira,Sex,Dia Nacional da Sustentabilidade,Dia Comemorativo,
25/09/2026,2026-09-25,25,Setembro,9,Sexta-feira,Sex,Dia Mundial do Pulmão,Dia Comemorativo,
26/09/2026,2026-09-26,26,Setembro,9,Sábado,Sáb,Dia do Ex-Fumador,Dia Comemorativo,https://www.calendarr.com/portugal/dia-do-ex-fumador/
26/09/2026,2026-09-26,26,Setembro,9,Sábado,Sáb,Dia Nacional do Farmacêutico,Dia Comemorativo,https://www.calendarr.com/portugal/dia-nacional-do-farmaceutico/
26/09/2026,2026-09-26,26,Setembro,9,Sábado,Sáb,Dia Europeu das Línguas,Dia Comemorativo,https://www.calendarr.com/portugal/dia-europeu-das-linguas/
26/09/2026,2026-09-26,26,Setembro,9,Sábado,Sáb,Dia Internacional para a Eliminação Total das Armas Nucleares,Dia Comemorativo,https://www.calendarr.com/portugal/dia-internacional-para-a-eliminacao-total-das-armas-nucleares/
26/09/2026,2026-09-26,26,Setembro,9,Sábado,Sáb,Dia Mundial da Contraceção,Dia Comemorativo,https://www.calendarr.com/portugal/dia-mundial-da-contracecao/
26/09/2026,2026-09-26,26,Setembro,9,Sábado,Sáb,Dia Europeu sem Mortes na Estrada,Dia Comemorativo,
26/09/2026,2026-09-26,26,Setembro,9,Sábado,Sáb,Dia Internacional do Coelho,Dia Comemorativo,https://www.calendarr.com/portugal/dia-internacional-do-coelho/
27/09/2026,2026-09-27,27,Setembro,9,Domingo,Dom,Dia Mundial dos Rios,Dia Comemorativo,https://www.calendarr.com/portugal/dia-mundial-dos-rios/
27/09/2026,2026-09-27,27,Setembro,9,Domingo,Dom,Dia Mundial do Turismo,Dia Comemorativo,https://www.calendarr.com/portugal/dia-mundial-do-turismo/
28/09/2026,2026-09-28,28,Setembro,9,Segunda-feira,Seg,Dia Internacional do Direito ao Saber,Dia Comemorativo,https://www.calendarr.com/portugal/dia-internacional-do-direito-ao-saber/
28/09/2026,2026-09-28,28,Setembro,9,Segunda-feira,Seg,Dia de Confúcio,Dia Comemorativo,https://www.calendarr.com/portugal/dia-de-confucio/
28/09/2026,2026-09-28,28,Setembro,9,Segunda-feira,Seg,Dia Internacional do Acesso Universal à Informação,Dia Comemorativo,
28/09/2026,2026-09-28,28,Setembro,9,Segunda-feira,Seg,Dia Mundial da Raiva,Dia Comemorativo,https://www.calendarr.com/portugal/dia-mundial-da-raiva/
29/09/2026,2026-09-29,29,Setembro,9,Terça-feira,Ter,Dia Mundial do Coração,Dia Comemorativo,https://www.calendarr.com/portugal/dia-mundial-do-coracao/
29/09/2026,2026-09-29,29,Setembro,9,Terça-feira,Ter,Dia dos Arcanjos,Dia Comemorativo,https://www.calendarr.com/portugal/dia-dos-arcanjos/
29/09/2026,2026-09-29,29,Setembro,9,Terça-feira,Ter,Dia Internacional de Conscientização sobre Perda e Desperdício de Alimentos,Dia Comemorativo,
30/09/2026,2026-09-30,30,Setembro,9,Quarta-feira,Qua,Dia Internacional da Tradução,Dia Comemorativo,https://www.calendarr.com/portugal/dia-internacional-da-traducao/
30/09/2026,2026-09-30,30,Setembro,9,Quarta-feira,Qua,Dia de São Jerónimo,Dia Comemorativo,https://www.calendarr.com/portugal/dia-de-sao-jeronimo/
30/09/2026,2026-09-30,30,Setembro,9,Quarta-feira,Qua,Dia da Blasfémia,Dia Comemorativo,https://www.calendarr.com/portugal/dia-da-blasfemia/
30/09/2026,2026-09-30,30,Setembro,9,Quarta-feira,Qua,Dia Internacional do Podcast,Dia Comemorativo,https://www.calendarr.com/portugal/dia-internacional-do-podcast/
01/10/2026,2026-10-01,1,Outubro,10,Quinta-feira,Qui,Dia Mundial da Música,Dia Comemorativo,https://www.calendarr.com/portugal/dia-mundial-da-musica/
01/10/2026,2026-10-01,1,Outubro,10,Quinta-feira,Qui,Dia Internacional do Idoso,Dia Comemorativo,https://www.calendarr.com/portugal/dia-internacional-do-idoso/
01/10/2026,2026-10-01,1,Outubro,10,Quinta-feira,Qui,Dia Europeu das Fundações e Doadores,Dia Comemorativo,https://www.calendarr.com/portugal/dia-europeu-das-fundacoes-e-doadores/
01/10/2026,2026-10-01,1,Outubro,10,Quinta-feira,Qui,Dia Mundial do Vegetarianismo,Dia Comemorativo,https://www.calendarr.com/portugal/dia-mundial-do-vegetarianismo/
01/10/2026,2026-10-01,1,Outubro,10,Quinta-feira,Qui,Dia do Leitor de CD,Dia Comemorativo,https://www.calendarr.com/portugal/dia-do-leitor-de-cd/
01/10/2026,2026-10-01,1,Outubro,10,Quinta-feira,Qui,Dia Nacional da Água,Dia Comemorativo,https://www.calendarr.com/portugal/dia-nacional-da-agua/
01/10/2026,2026-10-01,1,Outubro,10,Quinta-feira,Qui,Início do Ano Hidrológico,Dia Comemorativo,https://www.calendarr.com/portugal/inicio-do-ano-hidrologico/
01/10/2026,2026-10-01,1,Outubro,10,Quinta-feira,Qui,Dia Mundial da Urticária,Dia Comemorativo,
01/10/2026,2026-10-01,1,Outubro,10,Quinta-feira,Qui,Dia Internacional do Café,Dia Comemorativo,https://www.calendarr.com/portugal/dia-internacional-do-cafe/
02/10/2026,2026-10-02,2,Outubro,10,Sexta-feira,Sex,Dia Mundial do Sorriso,Dia Comemorativo,https://www.calendarr.com/portugal/dia-mundial-do-sorriso/
02/10/2026,2026-10-02,2,Outubro,10,Sexta-feira,Sex,Dia Mundial dos Animais de Quinta,Dia Comemorativo,https://www.calendarr.com/portugal/dia-mundial-dos-animais-de-quinta/
02/10/2026,2026-10-02,2,Outubro,10,Sexta-feira,Sex,Dia Internacional da Não-Violência,Dia Comemorativo,https://www.calendarr.com/portugal/dia-da-nao-violencia/
04/10/2026,2026-10-04,4,Outubro,10,Domingo,Dom,Dia Mundial do Animal,Dia Comemorativo,https://www.calendarr.com/portugal/dia-mundial-do-animal/
04/10/2026,2026-10-04,4,Outubro,10,Domingo,Dom,Dia do Médico Veterinário,Dia Comemorativo,https://www.calendarr.com/portugal/dia-do-medico-veterinario/
04/10/2026,2026-10-04,4,Outubro,10,Domingo,Dom,Dia de São Francisco de Assis,Dia Comemorativo,https://www.calendarr.com/portugal/dia-de-sao-francisco-de-assis/
04/10/2026,2026-10-04,4,Outubro,10,Domingo,Dom,Semana Mundial do Espaço (dias 4 a 10),Dia Comemorativo,
05/10/2026,2026-10-05,5,Outubro,10,Segunda-feira,Seg,Implantação da República,Feriado Nacional,https://www.calendarr.com/portugal/implantacao-da-republica/
05/10/2026,2026-10-05,5,Outubro,10,Segunda-feira,Seg,Dia Mundial do Professor,Dia Comemorativo,https://www.calendarr.com/portugal/dia-mundial-do-professor/
05/10/2026,2026-10-05,5,Outubro,10,Segunda-feira,Seg,Dia Mundial do Habitat,Dia Comemorativo,https://www.calendarr.com/portugal/dia-mundial-do-habitat/
05/10/2026,2026-10-05,5,Outubro,10,Segunda-feira,Seg,Dia de Santa Faustina,Dia Comemorativo,https://www.calendarr.com/portugal/dia-de-santa-faustina/
05/10/2026,2026-10-05,5,Outubro,10,Segunda-feira,Seg,Dia Mundial da Arquitetura,Dia Comemorativo,
06/10/2026,2026-10-06,6,Outubro,10,Terça-feira,Ter,Dia Mundial da Paralisia Cerebral,Dia Comemorativo,https://www.calendarr.com/portugal/dia-mundial-da-paralisia-cerebral/
06/10/2026,2026-10-06,6,Outubro,10,Terça-feira,Ter,Dia de São Bruno,Dia Comemorativo,https://www.calendarr.com/portugal/dia-de-sao-bruno/
07/10/2026,2026-10-07,7,Outubro,10,Quarta-feira,Qua,Dia Nacional dos Castelos,Dia Comemorativo,https://www.calendarr.com/portugal/dia-nacional-dos-castelos/
07/10/2026,2026-10-07,7,Outubro,10,Quarta-feira,Qua,Dia Mundial do Algodão,Dia Comemorativo,
08/10/2026,2026-10-08,8,Outubro,10,Quinta-feira,Qui,Dia Mundial do Polvo,Dia Comemorativo,https://www.calendarr.com/portugal/dia-mundial-do-polvo/
08/10/2026,2026-10-08,8,Outubro,10,Quinta-feira,Qui,Dia Mundial da Visão,Dia Comemorativo,https://www.calendarr.com/portugal/dia-mundial-da-visao/
09/10/2026,2026-10-09,9,Outubro,10,Sexta-feira,Sex,Dia Mundial dos Correios,Dia Comemorativo,https://www.calendarr.com/portugal/dia-mundial-dos-correios/
09/10/2026,2026-10-09,9,Outubro,10,Sexta-feira,Sex,Dia Mundial do Ovo,Dia Comemorativo,https://www.calendarr.com/portugal/dia-mundial-do-ovo/
10/10/2026,2026-10-10,10,Outubro,10,Sábado,Sáb,Dia Mundial da Saúde Mental,Dia Comemorativo,https://www.calendarr.com/portugal/dia-mundial-da-saude-mental/
10/10/2026,2026-10-10,10,Outubro,10,Sábado,Sáb,Dia Mundial Contra a Pena de Morte,Dia Comemorativo,https://www.calendarr.com/portugal/dia-mundial-contra-a-pena-de-morte/
10/10/2026,2026-10-10,10,Outubro,10,Sábado,Sáb,Dia Mundial dos Cuidados Paliativos,Dia Comemorativo,https://www.calendarr.com/portugal/dia-mundial-dos-cuidados-paliativos/
10/10/2026,2026-10-10,10,Outubro,10,Sábado,Sáb,2.º Dia Mundial das Aves Migratórias,Dia Comemorativo,
11/10/2026,2026-10-11,11,Outubro,10,Domingo,Dom,Dia Internacional da Rapariga,Dia Comemorativo,https://www.calendarr.com/portugal/dia-internacional-da-rapariga/
12/10/2026,2026-10-12,12,Outubro,10,Segunda-feira,Seg,Dia Mundial das Doenças Reumáticas,Dia Comemorativo,https://www.calendarr.com/portugal/dia-mundial-da-artrite/
13/10/2026,2026-10-13,13,Outubro,10,Terça-feira,Ter,Dia Internacional para a Redução de Catástrofes,Dia Comemorativo,https://www.calendarr.com/portugal/dia-internacional-para-a-reducao-de-castastrofes/
13/10/2026,2026-10-13,13,Outubro,10,Terça-feira,Ter,Dia de Santo Eduardo,Dia Comemorativo,https://www.calendarr.com/portugal/dia-de-santo-eduardo/
13/10/2026,2026-10-13,13,Outubro,10,Terça-feira,Ter,Dia Mundial da Trombose,Dia Comemorativo,
14/10/2026,2026-10-14,14,Outubro,10,Quarta-feira,Qua,Dia Mundial do Careca,Dia Comemorativo,https://www.calendarr.com/portugal/dia-mundial-do-careca/
14/10/2026,2026-10-14,14,Outubro,10,Quarta-feira,Qua,Dia Mundial da Normalização,Dia Comemorativo,
15/10/2026,2026-10-15,15,Outubro,10,Quinta-feira,Qui,Dia Mundial de Resolução de Conflitos,Dia Comemorativo,https://www.calendarr.com/portugal/dia-mundial-de-resolucao-de-conflitos/
15/10/2026,2026-10-15,15,Outubro,10,Quinta-feira,Qui,Dia Mundial da Lavagem das Mãos,Dia Comemorativo,https://www.calendarr.com/portugal/dia-mundial-da-lavagem-das-maos/
15/10/2026,2026-10-15,15,Outubro,10,Quinta-feira,Qui,Dia de Santa Teresa,Dia Comemorativo,https://www.calendarr.com/portugal/dia-de-santa-teresa/
15/10/2026,2026-10-15,15,Outubro,10,Quinta-feira,Qui,Dia Internacional da Mulher Rural,Dia Comemorativo,
15/10/2026,2026-10-15,15,Outubro,10,Quinta-feira,Qui,Dia Mundial da Bengala Branca,Dia Comemorativo,
16/10/2026,2026-10-16,16,Outubro,10,Sexta-feira,Sex,Dia Mundial da Alimentação,Dia Comemorativo,https://www.calendarr.com/portugal/dia-mundial-da-alimentacao/
16/10/2026,2026-10-16,16,Outubro,10,Sexta-feira,Sex,Dia Mundial da Coluna,Dia Comemorativo,https://www.calendarr.com/portugal/dia-mundial-da-coluna/
16/10/2026,2026-10-16,16,Outubro,10,Sexta-feira,Sex,Dia Mundial do Pão,Dia Comemorativo,https://www.calendarr.com/portugal/dia-mundial-do-pao/
16/10/2026,2026-10-16,16,Outubro,10,Sexta-feira,Sex,Dia Nacional da Luta Contra a Dor,Dia Comemorativo,https://www.calendarr.com/portugal/dia-nacional-da-luta-contra-a-dor/
16/10/2026,2026-10-16,16,Outubro,10,Sexta-feira,Sex,Dia Mundial da Anestesiologia,Dia Comemorativo,
17/10/2026,2026-10-17,17,Outubro,10,Sábado,Sáb,Dia Internacional para a Erradicação da Pobreza,Dia Comemorativo,https://www.calendarr.com/portugal/dia-internacional-para-a-erradicacao-da-pobreza/
17/10/2026,2026-10-17,17,Outubro,10,Sábado,Sáb,Dia Internacional do Preguiça,Dia Comemorativo,https://www.calendarr.com/portugal/dia-internacional-do-preguica/
18/10/2026,2026-10-18,18,Outubro,10,Domingo,Dom,Dia Mundial da Menopausa,Dia Comemorativo,https://www.calendarr.com/portugal/dia-mundial-da-menopausa/
18/10/2026,2026-10-18,18,Outubro,10,Domingo,Dom,Dia de São Lucas,Dia Comemorativo,https://www.calendarr.com/portugal/dia-de-sao-lucas/
18/10/2026,2026-10-18,18,Outubro,10,Domingo,Dom,Dia Mundial das Missões,Dia Comemorativo,https://www.calendarr.com/portugal/dia-mundial-das-missoes/
18/10/2026,2026-10-18,18,Outubro,10,Domingo,Dom,Dia Europeu de Combate ao Tráfico de Seres Humanos,Dia Comemorativo,
18/10/2026,2026-10-18,18,Outubro,10,Domingo,Dom,Dia Nacional do Enfermeiro de Reabilitação,Dia Comemorativo,
18/10/2026,2026-10-18,18,Outubro,10,Domingo,Dom,Dia Nacional da Banda Desenhada Portuguesa,Dia Comemorativo,
19/10/2026,2026-10-19,19,Outubro,10,Segunda-feira,Seg,Dia de São Pedro de Alcântara,Dia Comemorativo,https://www.calendarr.com/portugal/dia-de-sao-pedro-de-alcantara/
19/10/2026,2026-10-19,19,Outubro,10,Segunda-feira,Seg,Dia de São Paulo da Cruz,Dia Comemorativo,https://www.calendarr.com/portugal/dia-de-sao-paulo-da-cruz/
19/10/2026,2026-10-19,19,Outubro,10,Segunda-feira,Seg,Dia Mundial da Luta contra o Cancro da Mama,Dia Comemorativo,
19/10/2026,2026-10-19,19,Outubro,10,Segunda-feira,Seg,Dia Internacional do Gin Tônico,Dia Comemorativo,
20/10/2026,2026-10-20,20,Outubro,10,Terça-feira,Ter,Dia Mundial da Estatística,Dia Comemorativo,https://www.calendarr.com/portugal/dia-mundial-da-estatistica/
20/10/2026,2026-10-20,20,Outubro,10,Terça-feira,Ter,Dia Mundial da Osteoporose,Dia Comemorativo,https://www.calendarr.com/portugal/dia-mundial-da-osteoporose/
20/10/2026,2026-10-20,20,Outubro,10,Terça-feira,Ter,Dia Nacional da Paralisia Cerebral,Dia Comemorativo,https://www.calendarr.com/portugal/dia-da-paralisia-cerebral/
20/10/2026,2026-10-20,20,Outubro,10,Terça-feira,Ter,Dia Mundial de Combate ao Bullying,Dia Comemorativo,https://www.calendarr.com/portugal/dia-mundial-de-combate-ao-bullying/
20/10/2026,2026-10-20,20,Outubro,10,Terça-feira,Ter,Dia Mundial do Controlador de Tráfego Aéreo,Dia Comemorativo,
21/10/2026,2026-10-21,21,Outubro,10,Quarta-feira,Qua,Dia Internacional da Maçã,Dia Comemorativo,https://www.calendarr.com/portugal/dia-internacional-da-maca/
21/10/2026,2026-10-21,21,Outubro,10,Quarta-feira,Qua,Dia Internacional do Nacho,Dia Comemorativo,
22/10/2026,2026-10-22,22,Outubro,10,Quinta-feira,Qui,Dia Internacional da Gaguez,Dia Comemorativo,https://www.calendarr.com/portugal/dia-internacional-da-gaguez/
23/10/2026,2026-10-23,23,Outubro,10,Sexta-feira,Sex,Dia de São João de Capistrano,Dia Comemorativo,https://www.calendarr.com/portugal/dia-de-sao-joao-de-capristano/
23/10/2026,2026-10-23,23,Outubro,10,Sexta-feira,Sex,Dia Internacional do Leopardo-das-neves,Dia Comemorativo,
24/10/2026,2026-10-24,24,Outubro,10,Sábado,Sáb,Dia Municipal para a Igualdade,Dia Comemorativo,
24/10/2026,2026-10-24,24,Outubro,10,Sábado,Sáb,Dia do Exército Português,Dia Comemorativo,https://www.calendarr.com/portugal/dia-do-exercito-portugues/
24/10/2026,2026-10-24,24,Outubro,10,Sábado,Sáb,Dia das Nações Unidas,Dia Comemorativo,https://www.calendarr.com/portugal/dia-das-nacoes-unidas/
24/10/2026,2026-10-24,24,Outubro,10,Sábado,Sáb,Dia Internacional da Informação sobre o Desenvolvimento,Dia Comemorativo,https://www.calendarr.com/portugal/dia-internacional-da-informacao-sobre-o-desenvolvimento/
24/10/2026,2026-10-24,24,Outubro,10,Sábado,Sáb,Dia Mundial do Combate à Pólio,Dia Comemorativo,https://www.calendarr.com/portugal/dia-mundial-do-combate-a-polio/
24/10/2026,2026-10-24,24,Outubro,10,Sábado,Sáb,Início da Semana Global de Alfabetização Midiática e Informacional (de 24 a 31),Dia Comemorativo,
24/10/2026,2026-10-24,24,Outubro,10,Sábado,Sáb,Início da Semana do Desarmamento (de 24 a 30),Dia Comemorativo,
25/10/2026,2026-10-25,25,Outubro,10,Domingo,Dom,Dia Mundial das Massas,Dia Comemorativo,https://www.calendarr.com/portugal/dia-mundial-das-massas/
25/10/2026,2026-10-25,25,Outubro,10,Domingo,Dom,Dia Europeu da Justiça Civil,Dia Comemorativo,
25/10/2026,2026-10-25,25,Outubro,10,Domingo,Dom,Dia Mundial da Ópera,Dia Comemorativo,
26/10/2026,2026-10-26,26,Outubro,10,Segunda-feira,Seg,Dia da Biblioteca Escolar,Dia Comemorativo,https://www.calendarr.com/portugal/dia-da-biblioteca-escolar/
26/10/2026,2026-10-26,26,Outubro,10,Segunda-feira,Seg,Dia de Santo Evaristo,Dia Comemorativo,https://www.calendarr.com/portugal/dia-de-santo-evaristo/
27/10/2026,2026-10-27,27,Outubro,10,Terça-feira,Ter,Dia Mundial da Terapia Ocupacional,Dia Comemorativo,https://www.calendarr.com/portugal/dia-mundial-da-terapia-ocupacional/
27/10/2026,2026-10-27,27,Outubro,10,Terça-feira,Ter,Dia Mundial do Património Audiovisual,Dia Comemorativo,https://www.calendarr.com/portugal/dia-mundial-do-patrimonio-audiovisual/
27/10/2026,2026-10-27,27,Outubro,10,Terça-feira,Ter,Dia dos Jornalistas Pela Paz,Dia Comemorativo,https://www.calendarr.com/portugal/dia-dos-jornalistas-pela-paz/
28/10/2026,2026-10-28,28,Outubro,10,Quarta-feira,Qua,Dia de São Judas Tadeu,Dia Comemorativo,https://www.calendarr.com/portugal/dia-de-sao-judas-tadeu/
28/10/2026,2026-10-28,28,Outubro,10,Quarta-feira,Qua,Dia Mundial da Terceira Idade,Dia Comemorativo,https://www.calendarr.com/portugal/dia-mundial-da-terceira-idade/
28/10/2026,2026-10-28,28,Outubro,10,Quarta-feira,Qua,Dia Internacional da Animação,Dia Comemorativo,https://www.calendarr.com/portugal/dia-internacional-da-animacao/
28/10/2026,2026-10-28,28,Outubro,10,Quarta-feira,Qua,Dia Mundial do Judo,Dia Comemorativo,
29/10/2026,2026-10-29,29,Outubro,10,Quinta-feira,Qui,Dia Mundial da Psoríase,Dia Comemorativo,https://www.calendarr.com/portugal/dia-mundial-da-psoriase/
29/10/2026,2026-10-29,29,Outubro,10,Quinta-feira,Qui,Dia Mundial do AVC,Dia Comemorativo,https://www.calendarr.com/portugal/dia-mundial-do-avc/
29/10/2026,2026-10-29,29,Outubro,10,Quinta-feira,Qui,Dia Nacional de Desburocratização,Dia Comemorativo,https://www.calendarr.com/portugal/dia-nacional-de-desburocratizacao/
29/10/2026,2026-10-29,29,Outubro,10,Quinta-feira,Qui,Dia Internacional do Cuidado e Apoio,Dia Comemorativo,
30/10/2026,2026-10-30,30,Outubro,10,Sexta-feira,Sex,Dia Nacional de Prevenção do Cancro da Mama,Dia Comemorativo,https://www.calendarr.com/portugal/dia-nacional-de-prevencao-do-cancro-da-mama/
31/10/2026,2026-10-31,31,Outubro,10,Sábado,Sáb,Dia Mundial da Poupança,Dia Comemorativo,https://www.calendarr.com/portugal/dia-mundial-da-poupanca/
31/10/2026,2026-10-31,31,Outubro,10,Sábado,Sáb,Dia Mundial das Cidades,Dia Comemorativo,
31/10/2026,2026-10-31,31,Outubro,10,Sábado,Sáb,Dia das Bruxas (Halloween),Dia Comemorativo,https://www.calendarr.com/portugal/dia-das-bruxas/
01/11/2026,2026-11-01,1,Novembro,11,Domingo,Dom,Dia de Todos os Santos,Feriado Nacional,https://www.calendarr.com/portugal/dia-de-todos-os-santos/
01/11/2026,2026-11-01,1,Novembro,11,Domingo,Dom,Dia Mundial do Veganismo,Dia Comemorativo,https://www.calendarr.com/portugal/dia-mundial-do-veganismo/
01/11/2026,2026-11-01,1,Novembro,11,Domingo,Dom,Dia de Pão por Deus,Dia Comemorativo,https://www.calendarr.com/portugal/dia-de-pao-por-deus/
01/11/2026,2026-11-01,1,Novembro,11,Domingo,Dom,Início do Ano Hidroelétrico,Dia Comemorativo,https://www.calendarr.com/portugal/inicio-do-ano-hidroeletrico/
02/11/2026,2026-11-02,2,Novembro,11,Segunda-feira,Seg,Dia dos Fiéis Defuntos,Dia Comemorativo,https://www.calendarr.com/portugal/dia-dos-fieis-defuntos/
02/11/2026,2026-11-02,2,Novembro,11,Segunda-feira,Seg,Dia Internacional pelo Fim da Impunidade dos Crimes contra Jornalistas,Dia Comemorativo,https://www.calendarr.com/portugal/dia-internacional-pelo-fim-da-impunidade-dos-crimes-contra-jornalistas/
03/11/2026,2026-11-03,3,Novembro,11,Terça-feira,Ter,Dia da Sanduíche,Dia Comemorativo,https://www.calendarr.com/portugal/dia-da-sanduiche/
03/11/2026,2026-11-03,3,Novembro,11,Terça-feira,Ter,Dia da Dona de Casa,Dia Comemorativo,https://www.calendarr.com/portugal/dia-da-dona-de-casa/
03/11/2026,2026-11-03,3,Novembro,11,Terça-feira,Ter,Dia Internacional das Reservas da Biosfera,Dia Comemorativo,
04/11/2026,2026-11-04,4,Novembro,11,Quarta-feira,Qua,Dia Mundial dos Materiais,Dia Comemorativo,https://www.calendarr.com/portugal/dia-mundial-dos-materiais/
04/11/2026,2026-11-04,4,Novembro,11,Quarta-feira,Qua,Dia de São Carlos Borromeu,Dia Comemorativo,https://www.calendarr.com/portugal/dia-de-sao-carlos-borromeu/
04/11/2026,2026-11-04,4,Novembro,11,Quarta-feira,Qua,Dia de Consciencialização do Stress,Dia Comemorativo,https://www.calendarr.com/portugal/dia-de-consciencializacao-do-stress/
05/11/2026,2026-11-05,5,Novembro,11,Quinta-feira,Qui,Dia Mundial do Cinema,Dia Comemorativo,https://www.calendarr.com/portugal/dia-mundial-do-cinema/
05/11/2026,2026-11-05,5,Novembro,11,Quinta-feira,Qui,Dia Internacional da Gestão de Projetos,Dia Comemorativo,https://www.calendarr.com/portugal/dia-internacional-da-gestao-de-projetos/
05/11/2026,2026-11-05,5,Novembro,11,Quinta-feira,Qui,Dia Mundial de Sensibilização para os Tsunamis,Dia Comemorativo,
05/11/2026,2026-11-05,5,Novembro,11,Quinta-feira,Qui,Dia de São Zacarias e Santa Isabel,Dia Comemorativo,https://www.calendarr.com/portugal/dia-de-sao-zacarias-e-santa-isabel/
06/11/2026,2026-11-06,6,Novembro,11,Sexta-feira,Sex,Dia do Saxofonista,Dia Comemorativo,https://www.calendarr.com/portugal/dia-do-saxofonista/
06/11/2026,2026-11-06,6,Novembro,11,Sexta-feira,Sex,Dia para a Prevenção da Exploração do Ambiente em Tempo de Guerra,Dia Comemorativo,https://www.calendarr.com/portugal/dia-para-a-prevencao-da-exploracao-do-ambiente-em-tempo-de-guerra/
06/11/2026,2026-11-06,6,Novembro,11,Sexta-feira,Sex,Dia de São Nuno de Santa Maria,Dia Comemorativo,https://www.calendarr.com/portugal/dia-de-sao-nuno-de-santa-maria/
07/11/2026,2026-11-07,7,Novembro,11,Sábado,Sáb,Dia Internacional da Preguiça,Dia Comemorativo,https://www.calendarr.com/portugal/dia-internacional-da-preguica/
07/11/2026,2026-11-07,7,Novembro,11,Sábado,Sáb,Dia Internacional da Física Médica,Dia Comemorativo,
08/11/2026,2026-11-08,8,Novembro,11,Domingo,Dom,Dia Europeu da Alimentação e da Cozinha Saudáveis,Dia Comemorativo,https://www.calendarr.com/portugal/dia-europeu-da-alimentacao-e-da-cozinha-saudaveis/
08/11/2026,2026-11-08,8,Novembro,11,Domingo,Dom,Dia Mundial da Radiologia,Dia Comemorativo,https://www.calendarr.com/portugal/dia-mundial-da-radiologia/
08/11/2026,2026-11-08,8,Novembro,11,Domingo,Dom,Dia Internacional do Trava-Línguas,Dia Comemorativo,https://www.calendarr.com/portugal/dia-internacional-do-trava-linguas/
08/11/2026,2026-11-08,8,Novembro,11,Domingo,Dom,Dia Mundial do Urbanismo,Dia Comemorativo,
09/11/2026,2026-11-09,9,Novembro,11,Segunda-feira,Seg,Dia Mundial do Órfão,Dia Comemorativo,https://www.calendarr.com/portugal/dia-mundial-do-orfao/
09/11/2026,2026-11-09,9,Novembro,11,Segunda-feira,Seg,Dia de Nossa Senhora de Almudena,Dia Comemorativo,https://www.calendarr.com/portugal/dia-de-nossa-senhora-de-almudena/
09/11/2026,2026-11-09,9,Novembro,11,Segunda-feira,Seg,Dia Internacional Contra o Fascismo e o Anti-Semitismo,Dia Comemorativo,https://www.calendarr.com/portugal/dia-internacional-contra-o-fascismo-e-o-anti-semitismo/
09/11/2026,2026-11-09,9,Novembro,11,Segunda-feira,Seg,Dia Mundial da Adoção,Dia Comemorativo,
09/11/2026,2026-11-09,9,Novembro,11,Segunda-feira,Seg,Início da Semana Internacional da Ciência e da Paz (de 9 a 15),Dia Comemorativo,
10/11/2026,2026-11-10,10,Novembro,11,Terça-feira,Ter,Dia Mundial da Ciência pela Paz e pelo Desenvolvimento,Dia Comemorativo,https://www.calendarr.com/portugal/dia-mundial-da-ciencia-pela-paz-e-pelo-desenvolvimento/
10/11/2026,2026-11-10,10,Novembro,11,Terça-feira,Ter,Dia Mundial da Bolota,Dia Comemorativo,https://www.calendarr.com/portugal/dia-mundial-da-bolota/
11/11/2026,2026-11-11,11,Novembro,11,Quarta-feira,Qua,Dia do Armistício,Dia Comemorativo,https://www.calendarr.com/portugal/dia-do-armisticio/
11/11/2026,2026-11-11,11,Novembro,11,Quarta-feira,Qua,Dia Mundial do Origami,Dia Comemorativo,https://www.calendarr.com/portugal/dia-mundial-do-origami/
11/11/2026,2026-11-11,11,Novembro,11,Quarta-feira,Qua,Dia dos Solteiros,Dia Comemorativo,
11/11/2026,2026-11-11,11,Novembro,11,Quarta-feira,Qua,Dia de São Martinho,Dia Comemorativo,https://www.calendarr.com/portugal/dia-de-sao-martinho/
12/11/2026,2026-11-12,12,Novembro,11,Quinta-feira,Qui,Dia Mundial da Pneumonia,Dia Comemorativo,https://www.calendarr.com/portugal/dia-mundial-da-pneumonia/
12/11/2026,2026-11-12,12,Novembro,11,Quinta-feira,Qui,Dia Mundial da Qualidade,Dia Comemorativo,https://www.calendarr.com/portugal/dia-mundial-da-qualidade/
13/11/2026,2026-11-13,13,Novembro,11,Sexta-feira,Sex,Dia Mundial da Bondade,Dia Comemorativo,https://www.calendarr.com/portugal/dia-mundial-da-bondade/
14/11/2026,2026-11-14,14,Novembro,11,Sábado,Sáb,Dia Mundial da Diabetes,Dia Comemorativo,https://www.calendarr.com/portugal/dia-mundial-da-diabetes/
15/11/2026,2026-11-15,15,Novembro,11,Domingo,Dom,Dia Mundial em Memória das Vítimas da Estrada,Dia Comemorativo,https://www.calendarr.com/portugal/dia-mundial-em-memoria-das-vitimas-da-estrada/
15/11/2026,2026-11-15,15,Novembro,11,Domingo,Dom,Dia do Escritor Preso,Dia Comemorativo,https://www.calendarr.com/portugal/dia-do-escritor-preso/
15/11/2026,2026-11-15,15,Novembro,11,Domingo,Dom,Dia Nacional da Língua Gestual Portuguesa,Dia Comemorativo,https://www.calendarr.com/portugal/dia-nacional-da-lingua-gestual-portuguesa/
15/11/2026,2026-11-15,15,Novembro,11,Domingo,Dom,Dia Mundial do Sangue do Cordão Umbilical,Dia Comemorativo,
15/11/2026,2026-11-15,15,Novembro,11,Domingo,Dom,Dia Internacional para a Prevenção e Luta contra Todas as Formas de Crime Organizado Transnacional,Dia Comemorativo,
16/11/2026,2026-11-16,16,Novembro,11,Segunda-feira,Seg,Dia Internacional da Tolerância,Dia Comemorativo,https://www.calendarr.com/portugal/dia-internacional-da-tolerancia/
16/11/2026,2026-11-16,16,Novembro,11,Segunda-feira,Seg,Dia Nacional do Mar,Dia Comemorativo,https://www.calendarr.com/portugal/dia-nacional-do-mar/
16/11/2026,2026-11-16,16,Novembro,11,Segunda-feira,Seg,Dia de Santa Gertrudes,Dia Comemorativo,https://www.calendarr.com/portugal/dia-de-santa-gertrudes/
16/11/2026,2026-11-16,16,Novembro,11,Segunda-feira,Seg,Dia Internacional da Dieta Mediterrânica,Dia Comemorativo,
17/11/2026,2026-11-17,17,Novembro,11,Terça-feira,Ter,Dia Mundial da Criatividade,Dia Comemorativo,https://www.calendarr.com/portugal/dia-mundial-da-criatividade/
17/11/2026,2026-11-17,17,Novembro,11,Terça-feira,Ter,Dia Mundial da Prematuridade,Dia Comemorativo,https://www.calendarr.com/portugal/dia-mundial-da-prematuridade/
17/11/2026,2026-11-17,17,Novembro,11,Terça-feira,Ter,Dia Internacional dos Estudantes,Dia Comemorativo,https://www.calendarr.com/portugal/dia-internacional-dos-estudantes/
17/11/2026,2026-11-17,17,Novembro,11,Terça-feira,Ter,Dia do Não Fumador,Dia Comemorativo,https://www.calendarr.com/portugal/dia-mundial-do-nao-fumador/
17/11/2026,2026-11-17,17,Novembro,11,Terça-feira,Ter,Dia Mundial do Combate ao Cancro da Próstata,Dia Comemorativo,
18/11/2026,2026-11-18,18,Novembro,11,Quarta-feira,Qua,Dia Europeu do Antibiótico,Dia Comemorativo,https://www.calendarr.com/portugal/dia-europeu-do-antibiotico/
18/11/2026,2026-11-18,18,Novembro,11,Quarta-feira,Qua,Dia dos Sistemas de Informação Geográfica,Dia Comemorativo,https://www.calendarr.com/portugal/dia-dos-sistemas-de-informacao-geografica/
18/11/2026,2026-11-18,18,Novembro,11,Quarta-feira,Qua,Dia Europeu da Proteção das Crianças contra a Exploração e o Abuso Sexual,Dia Comemorativo,
18/11/2026,2026-11-18,18,Novembro,11,Quarta-feira,Qua,Dia do Ocultismo,Dia Comemorativo,https://www.calendarr.com/portugal/dia-do-ocultismo/
18/11/2026,2026-11-18,18,Novembro,11,Quarta-feira,Qua,Dia Mundial da Doença Pulmonar Obstrutiva Crônica,Dia Comemorativo,https://www.calendarr.com/portugal/dia-mundial-da-doenca-pulmonar-obstrutiva/
18/11/2026,2026-11-18,18,Novembro,11,Quarta-feira,Qua,Início da Semana Mundial para a Sensibilização das Resistências aos Antimicrobianos (de 18 a 24),Dia Comemorativo,
19/11/2026,2026-11-19,19,Novembro,11,Quinta-feira,Qui,Dia Mundial da Casa de Banho,Dia Comemorativo,https://www.calendarr.com/portugal/dia-mundial-da-sanita/
19/11/2026,2026-11-19,19,Novembro,11,Quinta-feira,Qui,Dia Internacional do Homem,Dia Comemorativo,https://www.calendarr.com/portugal/dia-internacional-do-homem/
19/11/2026,2026-11-19,19,Novembro,11,Quinta-feira,Qui,Dia Mundial da Filosofia,Dia Comemorativo,https://www.calendarr.com/portugal/dia-mundial-da-filosofia/
20/11/2026,2026-11-20,20,Novembro,11,Sexta-feira,Sex,Dia Internacional dos Direitos das Crianças,Dia Comemorativo,https://www.calendarr.com/portugal/dia-internacional-dos-direitos-das-criancas/
20/11/2026,2026-11-20,20,Novembro,11,Sexta-feira,Sex,Dia Internacional da Memória Transgênera,Dia Comemorativo,https://www.calendarr.com/portugal/dia-internacional-da-memoria-transgenera/
20/11/2026,2026-11-20,20,Novembro,11,Sexta-feira,Sex,Dia da Industrialização de África,Dia Comemorativo,https://www.calendarr.com/portugal/dia-da-industrializacao-de-africa/
20/11/2026,2026-11-20,20,Novembro,11,Sexta-feira,Sex,Dia Nacional do Pijama,Dia Comemorativo,https://www.calendarr.com/portugal/dia-nacional-do-pijama/
21/11/2026,2026-11-21,21,Novembro,11,Sábado,Sáb,Dia Mundial da Televisão,Dia Comemorativo,https://www.calendarr.com/portugal/dia-mundial-da-televisao/
21/11/2026,2026-11-21,21,Novembro,11,Sábado,Sáb,Dia Mundial do Olá,Dia Comemorativo,https://www.calendarr.com/portugal/dia-mundial-do-ola/
21/11/2026,2026-11-21,21,Novembro,11,Sábado,Sáb,Dia da Apresentação de Maria,Dia Comemorativo,https://www.calendarr.com/portugal/dia-da-apresentacao-de-maria/
21/11/2026,2026-11-21,21,Novembro,11,Sábado,Sáb,Dia Europeu da Fibrose Quística,Dia Comemorativo,https://www.calendarr.com/portugal/dia-europeu-da-fibrose-quistica/
21/11/2026,2026-11-21,21,Novembro,11,Sábado,Sáb,Dia Mundial da Pesca,Dia Comemorativo,
22/11/2026,2026-11-22,22,Novembro,11,Domingo,Dom,Dia de Dar uma Volta,Dia Comemorativo,https://www.calendarr.com/portugal/dia-de-dar-uma-volta/
22/11/2026,2026-11-22,22,Novembro,11,Domingo,Dom,Dia de Santa Cecília,Dia Comemorativo,https://www.calendarr.com/portugal/dia-de-santa-cecilia/
22/11/2026,2026-11-22,22,Novembro,11,Domingo,Dom,Dia do Músico,Dia Comemorativo,
23/11/2026,2026-11-23,23,Novembro,11,Segunda-feira,Seg,Dia Pelo Fim da Impunidade,Dia Comemorativo,https://www.calendarr.com/portugal/dia-pelo-fim-da-impunidade/
23/11/2026,2026-11-23,23,Novembro,11,Segunda-feira,Seg,Dia do Arando,Dia Comemorativo,https://www.calendarr.com/portugal/dia-do-arando/
23/11/2026,2026-11-23,23,Novembro,11,Segunda-feira,Seg,Dia de Santa Felicidade,Dia Comemorativo,https://www.calendarr.com/portugal/dia-de-santa-felicidade/
23/11/2026,2026-11-23,23,Novembro,11,Segunda-feira,Seg,Dia de Fibonacci,Dia Comemorativo,https://www.calendarr.com/portugal/dia-de-fibonacci/
24/11/2026,2026-11-24,24,Novembro,11,Terça-feira,Ter,Dia Mundial da Ciência,Dia Comemorativo,https://www.calendarr.com/portugal/dia-mundial-da-ciencia/
24/11/2026,2026-11-24,24,Novembro,11,Terça-feira,Ter,Dia Nacional da Cultura Científica,Dia Comemorativo,https://www.calendarr.com/portugal/dia-nacional-da-cultura-cientifica/
24/11/2026,2026-11-24,24,Novembro,11,Terça-feira,Ter,Dia Mundial dos Gémeos Siameses,Dia Comemorativo,
25/11/2026,2026-11-25,25,Novembro,11,Quarta-feira,Qua,Dia Internacional para a Eliminação da Violência Contra as Mulheres,Dia Comemorativo,https://www.calendarr.com/portugal/dia-internacional-para-a-eliminacao-da-violencia-contra-as-mulheres/
25/11/2026,2026-11-25,25,Novembro,11,Quarta-feira,Qua,Dia de Lembrança das Compras,Dia Comemorativo,https://www.calendarr.com/portugal/dia-de-lembranca-das-compras/
25/11/2026,2026-11-25,25,Novembro,11,Quarta-feira,Qua,Dia Nacional do Empresário,Dia Comemorativo,https://www.calendarr.com/portugal/dia-nacional-do-empresario/
25/11/2026,2026-11-25,25,Novembro,11,Quarta-feira,Qua,Dia de Santa Catarina,Dia Comemorativo,https://www.calendarr.com/portugal/dia-de-santa-catarina/
26/11/2026,2026-11-26,26,Novembro,11,Quinta-feira,Qui,Dia de Santo Alípio,Dia Comemorativo,https://www.calendarr.com/portugal/dia-de-santo-alipio/
26/11/2026,2026-11-26,26,Novembro,11,Quinta-feira,Qui,Dia de Ação de Graças,Dia Comemorativo,https://www.calendarr.com/portugal/dia-de-acao-de-gracas/
26/11/2026,2026-11-26,26,Novembro,11,Quinta-feira,Qui,Dia Mundial do Transporte Sustentável,Dia Comemorativo,
27/11/2026,2026-11-27,27,Novembro,11,Sexta-feira,Sex,Dia de Nossa Senhora das Graças,Dia Comemorativo,https://www.calendarr.com/portugal/dia-de-nossa-senhora-das-gracas/
27/11/2026,2026-11-27,27,Novembro,11,Sexta-feira,Sex,Dia de Não Comprar Nada,Dia Comemorativo,https://www.calendarr.com/portugal/dia-de-nao-comprar-nada/
27/11/2026,2026-11-27,27,Novembro,11,Sexta-feira,Sex,Dia Internacional do Engenheiro de Sistemas,Dia Comemorativo,https://www.calendarr.com/portugal/dia-internacional-do-engenheiro-de-sistemas/
27/11/2026,2026-11-27,27,Novembro,11,Sexta-feira,Sex,Black Friday,Dia Comemorativo,https://www.calendarr.com/portugal/black-friday/
28/11/2026,2026-11-28,28,Novembro,11,Sábado,Sáb,Dia do Planeta Vermelho,Dia Comemorativo,https://www.calendarr.com/portugal/dia-do-planeta-vermelho/
28/11/2026,2026-11-28,28,Novembro,11,Sábado,Sáb,Dia do Mediterrâneo,Dia Comemorativo,
29/11/2026,2026-11-29,29,Novembro,11,Domingo,Dom,Dia Internacional de Solidariedade com o Povo Palestiniano,Dia Comemorativo,https://www.calendarr.com/portugal/dia-internacional-de-solidariedade-com-o-povo-palestiniano/
29/11/2026,2026-11-29,29,Novembro,11,Domingo,Dom,Dia Internacional das Defensoras de Direitos Humanos,Dia Comemorativo,
29/11/2026,2026-11-29,29,Novembro,11,Domingo,Dom,Advento 2026,Dia Comemorativo,https://www.calendarr.com/portugal/dia-do-advento/
30/11/2026,2026-11-30,30,Novembro,11,Segunda-feira,Seg,Dia das Cidades Pela Vida,Dia Comemorativo,https://www.calendarr.com/portugal/dia-das-cidades-pela-vida/
30/11/2026,2026-11-30,30,Novembro,11,Segunda-feira,Seg,Dia de Santo André,Dia Comemorativo,https://www.calendarr.com/portugal/dia-de-santo-andre/
30/11/2026,2026-11-30,30,Novembro,11,Segunda-feira,Seg,Dia da Segurança do Computador,Dia Comemorativo,https://www.calendarr.com/portugal/dia-da-seguranca-do-computador/
30/11/2026,2026-11-30,30,Novembro,11,Segunda-feira,Seg,Cyber Monday,Dia Comemorativo,https://www.calendarr.com/portugal/cyber-monday/
30/11/2026,2026-11-30,30,Novembro,11,Segunda-feira,Seg,Dia Internacional da Cidade Educadora,Dia Comemorativo,
30/11/2026,2026-11-30,30,Novembro,11,Segunda-feira,Seg,Dia da Recordação de todas as Vítimas da Guerra Química,Dia Comemorativo,
01/12/2026,2026-12-01,1,Dezembro,12,Terça-feira,Ter,Restauração da Independência,Feriado Nacional,https://www.calendarr.com/portugal/restauracao-da-independencia/
01/12/2026,2026-12-01,1,Dezembro,12,Terça-feira,Ter,Dia Mundial de Luta Contra a Sida,Dia Comemorativo,https://www.calendarr.com/portugal/dia-mundial-de-luta-contra-a-sida/
01/12/2026,2026-12-01,1,Dezembro,12,Terça-feira,Ter,Dia da Filatelia,Dia Comemorativo,https://www.calendarr.com/portugal/dia-da-filatelia/
02/12/2026,2026-12-02,2,Dezembro,12,Quarta-feira,Qua,Dia Internacional para a Abolição da Escravatura,Dia Comemorativo,https://www.calendarr.com/portugal/dia-internacional-para-a-abolicao-da-escravatura/
02/12/2026,2026-12-02,2,Dezembro,12,Quarta-feira,Qua,Dia de Santa Bibiana,Dia Comemorativo,https://www.calendarr.com/portugal/dia-de-santa-bibiana/
03/12/2026,2026-12-03,3,Dezembro,12,Quinta-feira,Qui,Dia Internacional das Pessoas com Deficiência,Dia Comemorativo,https://www.calendarr.com/portugal/dia-internacional-das-pessoas-com-deficiencia/
03/12/2026,2026-12-03,3,Dezembro,12,Quinta-feira,Qui,Dia Internacional dos Portadores de Alergia Crónica,Dia Comemorativo,https://www.calendarr.com/portugal/dia-internacional-dos-portadores-de-alergia-cronica/
03/12/2026,2026-12-03,3,Dezembro,12,Quinta-feira,Qui,Dia de São Francisco Xavier,Dia Comemorativo,https://www.calendarr.com/portugal/dia-de-sao-francisco-xavier/
04/12/2026,2026-12-04,4,Dezembro,12,Sexta-feira,Sex,Dia Nacional da Pessoa com Esclerose Múltipla,Dia Comemorativo,https://www.calendarr.com/portugal/dia-nacional-da-pessoa-com-esclerose-multipla/
04/12/2026,2026-12-04,4,Dezembro,12,Sexta-feira,Sex,Dia da Bolacha,Dia Comemorativo,https://www.calendarr.com/portugal/dia-da-bolacha/
04/12/2026,2026-12-04,4,Dezembro,12,Sexta-feira,Sex,Dia de Santa Bárbara,Dia Comemorativo,https://www.calendarr.com/portugal/dia-de-santa-barbara/
04/12/2026,2026-12-04,4,Dezembro,12,Sexta-feira,Sex,Hanukkah,Dia Comemorativo,https://www.calendarr.com/portugal/hanukkah/
04/12/2026,2026-12-04,4,Dezembro,12,Sexta-feira,Sex,Dia Internacional contra Medidas Coercitivas Unilaterais,Dia Comemorativo,
04/12/2026,2026-12-04,4,Dezembro,12,Sexta-feira,Sex,Dia Internacional dos Bancos,Dia Comemorativo,
05/12/2026,2026-12-05,5,Dezembro,12,Sábado,Sáb,Dia da Banheira,Dia Comemorativo,https://www.calendarr.com/portugal/dia-da-banheira/
05/12/2026,2026-12-05,5,Dezembro,12,Sábado,Sáb,Dia Mundial do Solo,Dia Comemorativo,https://www.calendarr.com/portugal/dia-mundial-do-solo/
05/12/2026,2026-12-05,5,Dezembro,12,Sábado,Sáb,Dia Internacional do Ninja,Dia Comemorativo,https://www.calendarr.com/portugal/dia-internacional-do-ninja/
05/12/2026,2026-12-05,5,Dezembro,12,Sábado,Sáb,Dia de São Martinho de Dume,Dia Comemorativo,https://www.calendarr.com/portugal/dia-de-sao-martinho-de-dume/
05/12/2026,2026-12-05,5,Dezembro,12,Sábado,Sáb,Dia de São Geraldo,Dia Comemorativo,https://www.calendarr.com/portugal/dia-de-sao-geraldo/
05/12/2026,2026-12-05,5,Dezembro,12,Sábado,Sáb,Dia Internacional do Voluntariado,Dia Comemorativo,https://www.calendarr.com/portugal/dia-internacional-do-voluntariado/
06/12/2026,2026-12-06,6,Dezembro,12,Domingo,Dom,Dia de São Nicolau,Dia Comemorativo,https://www.calendarr.com/portugal/dia-de-sao-nicolau/
07/12/2026,2026-12-07,7,Dezembro,12,Segunda-feira,Seg,Dia de Timor-Leste,Dia Comemorativo,https://www.calendarr.com/portugal/dia-de-timor-leste/
07/12/2026,2026-12-07,7,Dezembro,12,Segunda-feira,Seg,Dia Internacional da Aviação Civil,Dia Comemorativo,https://www.calendarr.com/portugal/dia-internacional-da-aviacao-civil/
08/12/2026,2026-12-08,8,Dezembro,12,Terça-feira,Ter,Dia da Imaculada Conceição,Feriado Nacional,https://www.calendarr.com/portugal/imaculada-conceicao/
09/12/2026,2026-12-09,9,Dezembro,12,Quarta-feira,Qua,Dia Internacional Contra a Corrupção,Dia Comemorativo,https://www.calendarr.com/portugal/dia-internacional-contra-a-corrupcao/
09/12/2026,2026-12-09,9,Dezembro,12,Quarta-feira,Qua,Dia Internacional das Vítimas do Crime de Genocídio,Dia Comemorativo,https://www.calendarr.com/portugal/dia-internacional-das-vitimas-do-crime-de-genocidio/
09/12/2026,2026-12-09,9,Dezembro,12,Quarta-feira,Qua,Dia Nacional da Pessoa com Deficiência,Dia Comemorativo,https://www.calendarr.com/portugal/dia-nacional-da-pessoa-com-deficiencia/
10/12/2026,2026-12-10,10,Dezembro,12,Quinta-feira,Qui,Dia Internacional dos Direitos Humanos,Dia Comemorativo,https://www.calendarr.com/portugal/dia-internacional-dos-direitos-humanos/
10/12/2026,2026-12-10,10,Dezembro,12,Quinta-feira,Qui,Dia Internacional dos Direitos dos Animais,Dia Comemorativo,
11/12/2026,2026-12-11,11,Dezembro,12,Sexta-feira,Sex,Dia Internacional da Montanha,Dia Comemorativo,https://www.calendarr.com/portugal/dia-internacional-da-montanha/
11/12/2026,2026-12-11,11,Dezembro,12,Sexta-feira,Sex,Dia Internacional do Tango,Dia Comemorativo,https://www.calendarr.com/portugal/dia-internacional-do-tango/
11/12/2026,2026-12-11,11,Dezembro,12,Sexta-feira,Sex,Dia Internacional da UNICEF,Dia Comemorativo,https://www.calendarr.com/portugal/dia-internacional-da-unicef/
12/12/2026,2026-12-12,12,Dezembro,12,Sábado,Sáb,Dia da Poinsétia,Dia Comemorativo,https://www.calendarr.com/portugal/dia-da-poinsetia/
12/12/2026,2026-12-12,12,Dezembro,12,Sábado,Sáb,Dia Internacional do Shareware,Dia Comemorativo,https://www.calendarr.com/portugal/dia-internacional-do-shareware/
12/12/2026,2026-12-12,12,Dezembro,12,Sábado,Sáb,Dia Internacional da Cobertura Universal de Saúde,Dia Comemorativo,
12/12/2026,2026-12-12,12,Dezembro,12,Sábado,Sáb,Dia Internacional da Neutralidade,Dia Comemorativo,
13/12/2026,2026-12-13,13,Dezembro,12,Domingo,Dom,Dia de Santa Luzia,Dia Comemorativo,https://www.calendarr.com/portugal/dia-de-santa-luzia/
13/12/2026,2026-12-13,13,Dezembro,12,Domingo,Dom,Dia Internacional da Criança na Rádio e Televisão,Dia Comemorativo,https://www.calendarr.com/portugal/dia-internacional-da-crianca-na-radio-e-televisao/
13/12/2026,2026-12-13,13,Dezembro,12,Domingo,Dom,Dia do Violino,Dia Comemorativo,https://www.calendarr.com/portugal/dia-do-violino/
13/12/2026,2026-12-13,13,Dezembro,12,Domingo,Dom,Dia de Santa Odília,Dia Comemorativo,https://www.calendarr.com/portugal/dia-de-santa-odilia/
14/12/2026,2026-12-14,14,Dezembro,12,Segunda-feira,Seg,Dia Mundial do Macaco,Dia Comemorativo,https://www.calendarr.com/portugal/dia-mundial-do-macaco/
14/12/2026,2026-12-14,14,Dezembro,12,Segunda-feira,Seg,Dia do Nutricionista,Dia Comemorativo,
14/12/2026,2026-12-14,14,Dezembro,12,Segunda-feira,Seg,Dia Internacional Contra o Colonialismo em Todas as suas Formas e Manifestações,Dia Comemorativo,
15/12/2026,2026-12-15,15,Dezembro,12,Terça-feira,Ter,Dia de Zamenhof,Dia Comemorativo,https://www.calendarr.com/portugal/dia-de-zamenhof/
15/12/2026,2026-12-15,15,Dezembro,12,Terça-feira,Ter,Dia Mundial da Família das Línguas Turcas,Dia Comemorativo,
16/12/2026,2026-12-16,16,Dezembro,12,Quarta-feira,Qua,Dia de Santa Adelaide,Dia Comemorativo,https://www.calendarr.com/portugal/dia-de-santa-adelaide/
17/12/2026,2026-12-17,17,Dezembro,12,Quinta-feira,Qui,Dia de São Lázaro,Dia Comemorativo,https://www.calendarr.com/portugal/dia-de-sao-lazaro/
17/12/2026,2026-12-17,17,Dezembro,12,Quinta-feira,Qui,Dia Internacional Contra a Violência Sobre Trabalhadores do Sexo,Dia Comemorativo,https://www.calendarr.com/portugal/dia-internacional-contra-a-violencia-sobre-trabalhadores-do-sexo/
18/12/2026,2026-12-18,18,Dezembro,12,Sexta-feira,Sex,Dia Internacional das Migrações,Dia Comemorativo,https://www.calendarr.com/portugal/dia-internacional-das-migracoes/
18/12/2026,2026-12-18,18,Dezembro,12,Sexta-feira,Sex,Dia de Nossa Senhora do Ó,Dia Comemorativo,https://www.calendarr.com/portugal/dia-de-nossa-senhora-do-o/
18/12/2026,2026-12-18,18,Dezembro,12,Sexta-feira,Sex,Dia da Língua Árabe,Dia Comemorativo,https://www.calendarr.com/portugal/dia-da-lingua-arabe/
18/12/2026,2026-12-18,18,Dezembro,12,Sexta-feira,Sex,Dia Internacional dos Migrantes,Dia Comemorativo,
19/12/2026,2026-12-19,19,Dezembro,12,Sábado,Sáb,Dia de São Nemésio,Dia Comemorativo,https://www.calendarr.com/portugal/dia-de-sao-nemesio/
20/12/2026,2026-12-20,20,Dezembro,12,Domingo,Dom,Dia Internacional da Solidariedade Humana,Dia Comemorativo,https://www.calendarr.com/portugal/dia-internacional-da-solidariedade-humana/
21/12/2026,2026-12-21,21,Dezembro,12,Segunda-feira,Seg,Início do Inverno,Outro,https://www.calendarr.com/portugal/inicio-do-inverno/
21/12/2026,2026-12-21,21,Dezembro,12,Segunda-feira,Seg,Dia das Palavras Cruzadas,Dia Comemorativo,https://www.calendarr.com/portugal/dia-das-palavras-cruzadas/
21/12/2026,2026-12-21,21,Dezembro,12,Segunda-feira,Seg,Solstício de Inverno,Dia Comemorativo,https://www.calendarr.com/portugal/solsticio-de-inverno/
21/12/2026,2026-12-21,21,Dezembro,12,Segunda-feira,Seg,Dia Mundial da Meditação,Dia Comemorativo,
21/12/2026,2026-12-21,21,Dezembro,12,Segunda-feira,Seg,Dia Mundial do Basquetebol,Dia Comemorativo,
22/12/2026,2026-12-22,22,Dezembro,12,Terça-feira,Ter,Dia de Santa Francisca Xavier Cabrini,Dia Comemorativo,https://www.calendarr.com/portugal/dia-de-santa-francisca-xavier-cabrini/
22/12/2026,2026-12-22,22,Dezembro,12,Terça-feira,Ter,Dia Nacional do Técnico Auxiliar de Saúde,Dia Comemorativo,
23/12/2026,2026-12-23,23,Dezembro,12,Quarta-feira,Qua,Dia de São Sérvulo,Dia Comemorativo,https://www.calendarr.com/portugal/dia-de-sao-servulo/
24/12/2026,2026-12-24,24,Dezembro,12,Quinta-feira,Qui,Dia de São Charbel,Dia Comemorativo,https://www.calendarr.com/portugal/dia-de-sao-charbel/
24/12/2026,2026-12-24,24,Dezembro,12,Quinta-feira,Qui,Dia Internacional contra o Cibercrime,Dia Comemorativo,
25/12/2026,2026-12-25,25,Dezembro,12,Sexta-feira,Sex,Natal,Feriado Nacional,https://www.calendarr.com/portugal/natal/
26/12/2026,2026-12-26,26,Dezembro,12,Sábado,Sáb,Dia de Santo Estêvão,Dia Comemorativo,https://www.calendarr.com/portugal/dia-de-santo-estevao/
26/12/2026,2026-12-26,26,Dezembro,12,Sábado,Sáb,Boxing Day,Dia Comemorativo,https://www.calendarr.com/portugal/boxing-day/
27/12/2026,2026-12-27,27,Dezembro,12,Domingo,Dom,Dia da Sagrada Família,Dia Comemorativo,https://www.calendarr.com/portugal/dia-da-sagrada-familia/
27/12/2026,2026-12-27,27,Dezembro,12,Domingo,Dom,Dia de São João Evangelista,Dia Comemorativo,https://www.calendarr.com/portugal/dia-de-sao-joao-evangelista/
27/12/2026,2026-12-27,27,Dezembro,12,Domingo,Dom,Dia de Santa Fabíola,Dia Comemorativo,https://www.calendarr.com/portugal/dia-de-santa-fabiola/
27/12/2026,2026-12-27,27,Dezembro,12,Domingo,Dom,Dia Internacional de Preparação Epidemiológica,Dia Comemorativo,
28/12/2026,2026-12-28,28,Dezembro,12,Segunda-feira,Seg,Dia dos Santos Inocentes,Dia Comemorativo,https://www.calendarr.com/portugal/dia-dos-santos-inocentes/
29/12/2026,2026-12-29,29,Dezembro,12,Terça-feira,Ter,Dia de São Tomás Becket,Dia Comemorativo,https://www.calendarr.com/portugal/dia-de-sao-tomas-becket/
31/12/2026,2026-12-31,31,Dezembro,12,Quinta-feira,Qui,Véspera de Ano Novo,Outro,https://www.calendarr.com/portugal/vespera-de-ano-novo/
31/12/2026,2026-12-31,31,Dezembro,12,Quinta-feira,Qui,Réveillon,Dia Comemorativo,https://www.calendarr.com/portugal/reveillon/
31/12/2026,2026-12-31,31,Dezembro,12,Quinta-feira,Qui,Dia de São Silvestre,Dia Comemorativo,https://www.calendarr.com/portugal/dia-de-sao-silvestre/
